,"1,20180327_D6AcAnhydride_IRT_CellLineComp_18_HCT116","2,20180327_D6AcAnhydride_IRT_CellLineComp_19_Hek293","3,20180327_D6AcAnhydride_IRT_CellLineComp_20_MCF7","4,20180327_D6AcAnhydride_IRT_CellLineComp_21_Panc1","5,20180327_D6AcAnhydride_IRT_CellLineComp_23_HepG2","6,20180327_D6AcAnhydride_IRT_CellLineComp_24_Panc1","7,20180327_D6AcAnhydride_IRT_CellLineComp_25_HCT116","8,20180327_D6AcAnhydride_IRT_CellLineComp_26_MCF7","9,20180327_D6AcAnhydride_IRT_CellLineComp_28_Hek293","10,20180327_D6AcAnhydride_IRT_CellLineComp_29_HCT116","11,20180327_D6AcAnhydride_IRT_CellLineComp_30_HepG2","12,20180327_D6AcAnhydride_IRT_CellLineComp_31_Hek293","13,20180327_D6AcAnhydride_IRT_CellLineComp_33_Panc1","14,20180327_D6AcAnhydride_IRT_CellLineComp_34_HepG2","15,20180327_D6AcAnhydride_IRT_CellLineComp_35_MCF7",,"1,20180327_D6AcAnhydride_IRT_CellLineComp_18_HCT116","2,20180327_D6AcAnhydride_IRT_CellLineComp_19_Hek293","3,20180327_D6AcAnhydride_IRT_CellLineComp_20_MCF7","4,20180327_D6AcAnhydride_IRT_CellLineComp_21_Panc1","5,20180327_D6AcAnhydride_IRT_CellLineComp_23_HepG2","6,20180327_D6AcAnhydride_IRT_CellLineComp_24_Panc1","7,20180327_D6AcAnhydride_IRT_CellLineComp_25_HCT116","8,20180327_D6AcAnhydride_IRT_CellLineComp_26_MCF7","9,20180327_D6AcAnhydride_IRT_CellLineComp_28_Hek293","10,20180327_D6AcAnhydride_IRT_CellLineComp_29_HCT116","11,20180327_D6AcAnhydride_IRT_CellLineComp_30_HepG2","12,20180327_D6AcAnhydride_IRT_CellLineComp_31_Hek293","13,20180327_D6AcAnhydride_IRT_CellLineComp_33_Panc1","14,20180327_D6AcAnhydride_IRT_CellLineComp_34_HepG2","15,20180327_D6AcAnhydride_IRT_CellLineComp_35_MCF7",,"1,20180327_D6AcAnhydride_IRT_CellLineComp_18_HCT116","2,20180327_D6AcAnhydride_IRT_CellLineComp_19_Hek293","3,20180327_D6AcAnhydride_IRT_CellLineComp_20_MCF7","4,20180327_D6AcAnhydride_IRT_CellLineComp_21_Panc1","5,20180327_D6AcAnhydride_IRT_CellLineComp_23_HepG2","6,20180327_D6AcAnhydride_IRT_CellLineComp_24_Panc1","7,20180327_D6AcAnhydride_IRT_CellLineComp_25_HCT116","8,20180327_D6AcAnhydride_IRT_CellLineComp_26_MCF7","9,20180327_D6AcAnhydride_IRT_CellLineComp_28_Hek293","10,20180327_D6AcAnhydride_IRT_CellLineComp_29_HCT116","11,20180327_D6AcAnhydride_IRT_CellLineComp_30_HepG2","12,20180327_D6AcAnhydride_IRT_CellLineComp_31_Hek293","13,20180327_D6AcAnhydride_IRT_CellLineComp_33_Panc1","14,20180327_D6AcAnhydride_IRT_CellLineComp_34_HepG2","15,20180327_D6AcAnhydride_IRT_CellLineComp_35_MCF7"
Peptide,Ratio,Ratio,Ratio,Ratio,Ratio,Ratio,Ratio,Ratio,Ratio,Ratio,Ratio,Ratio,Ratio,Ratio,Ratio,,Area,Area,Area,Area,Area,Area,Area,Area,Area,Area,Area,Area,Area,Area,Area,,RT(min),RT(min),RT(min),RT(min),RT(min),RT(min),RT(min),RT(min),RT(min),RT(min),RT(min),RT(min),RT(min),RT(min),RT(min)
TKQTAR(H3_3_8),,,,,,,,,,,,,,,,,,,,,,,,,,,,,,,,,,,,,,,,,,,,,,,
H3_3_8 unmod,0.932072,0.820304,0.882675,0.860172,0.851332,0.852922,0.932595,0.88338,0.824258,0.932118,0.864018,0.820767,0.863733,0.871843,0.874691,,4.54E+10,4.70E+10,5.08E+10,2.68E+10,3.61E+10,2.95E+10,5.38E+10,4.86E+10,5.26E+10,5.40E+10,3.64E+10,3.60E+10,2.57E+10,3.98E+10,4.57E+10,,24.58,24.97,24.61,24.32,23.9,23.96,23.39,23.26,23.22,23.79,23.46,23.6,24.43,24.08,23.65
H3_3_8 K4me1,0.059118,0.171824,0.107336,0.128177,0.136456,0.134718,0.05644,0.106734,0.164461,0.058097,0.124071,0.170464,0.123756,0.114185,0.115637,,2.88E+09,9.85E+09,6.18E+09,3.99E+09,5.79E+09,4.66E+09,3.26E+09,5.88E+09,1.05E+10,3.36E+09,5.23E+09,7.48E+09,3.68E+09,5.21E+09,6.05E+09,,27.42,27.77,27.41,27.21,26.92,26.69,26.43,26.14,26.15,26.68,26.32,26.49,27.38,26.93,26.54
H3_3_8 K4me2,0.005508,0.005915,0.006222,0.007897,0.008967,0.008451,0.006806,0.006409,0.008457,0.006198,0.008803,0.00667,0.008311,0.010029,0.006257,,2.68E+08,3.39E+08,3.58E+08,2.46E+08,3.81E+08,2.92E+08,3.93E+08,3.53E+08,5.40E+08,3.59E+08,3.71E+08,2.93E+08,2.47E+08,4.58E+08,3.27E+08,,18.13,18.46,18.14,18.01,17.54,17.49,17.14,16.89,16.96,17.29,16.97,17.36,18.16,17.43,17.4
H3_3_8 K4me3,0.00263,0.001817,0.003591,0.003754,0.003245,0.003872,0.003334,0.003465,0.002568,0.003053,0.003081,0.002041,0.003853,0.003869,0.003416,,1.28E+08,1.04E+08,2.07E+08,1.17E+08,1.38E+08,1.34E+08,1.92E+08,1.91E+08,1.64E+08,1.77E+08,1.30E+08,8.96E+07,1.15E+08,1.77E+08,1.79E+08,,18.01,18.37,18.02,17.92,17.46,17.4,17.06,16.81,16.88,17.16,16.89,17.28,18.04,17.35,17.32
H3_3_8 K4ac,0.000672,0.00014,0.000176,0,0,0.000037,0.000825,0.000012,0.000256,0.000533,0.000027,0.000057,0.000347,0.000075,0,,3.27E+07,8.00E+06,1.01E+07,0.00E+00,0.00E+00,1.28E+06,4.76E+07,6.49E+05,1.63E+07,3.09E+07,1.12E+06,2.52E+06,1.03E+07,3.42E+06,0.00E+00,,24.7,25.16,24.61,0,0,24.08,23.43,22.98,23.34,23.87,23.58,23.71,24.2,24.28,0
KSTGGKAPR(H3_9_17),,,,,,,,,,,,,,,,,,,,,,,,,,,,,,,,,,,,,,,,,,,,,,,
H3_9_17 unmod,0.128885,0.112913,0.166781,0.12847,0.180075,0.136646,0.12523,0.164542,0.107774,0.112848,0.165392,0.104135,0.126944,0.160824,0.166953,,1.80E+10,1.90E+10,2.68E+10,1.16E+10,2.18E+10,1.31E+10,1.88E+10,2.27E+10,1.71E+10,1.85E+10,1.95E+10,1.30E+10,1.04E+10,1.91E+10,2.42E+10,,27.26,27.66,27.26,27.09,26.76,26.54,26.27,25.99,25.95,26.48,26.12,26.3,27.22,26.78,26.38
H3_9_17 K9me1,0.091794,0.090769,0.106252,0.104233,0.138841,0.111377,0.09051,0.118519,0.091924,0.086411,0.127603,0.086598,0.112345,0.122081,0.112543,,1.28E+10,1.53E+10,1.71E+10,9.45E+09,1.68E+10,1.07E+10,1.36E+10,1.64E+10,1.45E+10,1.42E+10,1.51E+10,1.08E+10,9.23E+09,1.45E+10,1.63E+10,,29.84,30.2,29.89,29.77,29.55,29.13,29.09,28.86,28.71,29.18,28.91,28.98,29.86,29.38,28.97
H3_9_17 K9me2,0.238159,0.253125,0.311969,0.318841,0.246499,0.321609,0.251956,0.316535,0.247458,0.253897,0.262837,0.266168,0.324423,0.267667,0.316292,,3.32E+10,4.27E+10,5.02E+10,2.89E+10,2.98E+10,3.08E+10,3.78E+10,4.37E+10,3.92E+10,4.16E+10,3.10E+10,3.33E+10,2.67E+10,3.17E+10,4.59E+10,,21.24,21.41,21.34,20.96,20.45,20.49,20.02,19.78,19.79,20.33,20.07,20.2,20.95,20.47,20.25
H3_9_17 K9me3,0.205097,0.173396,0.167261,0.242127,0.11461,0.229776,0.200441,0.158807,0.170805,0.207189,0.126383,0.178779,0.231076,0.128361,0.157663,,2.86E+10,2.92E+10,2.69E+10,2.19E+10,1.39E+10,2.20E+10,3.01E+10,2.19E+10,2.70E+10,3.40E+10,1.49E+10,2.24E+10,1.90E+10,1.52E+10,2.29E+10,,21.16,21.33,21.26,20.92,20.37,20.41,19.94,19.7,19.67,20.21,19.99,20.12,20.87,20.39,20.13
H3_9_17 K9ac,0.038465,0.034107,0.034005,0.024109,0.045824,0.024715,0.03668,0.03199,0.034854,0.032537,0.041995,0.031649,0.022883,0.041786,0.033838,,5.36E+09,5.75E+09,5.47E+09,2.19E+09,5.55E+09,2.36E+09,5.50E+09,4.42E+09,5.52E+09,5.33E+09,4.96E+09,3.96E+09,1.88E+09,4.95E+09,4.91E+09,,27.3,27.66,27.26,27.09,26.76,26.54,26.27,25.99,25.95,26.52,26.12,26.3,27.26,26.78,26.42
H3_9_17 K14ac,0.047665,0.041864,0.028307,0.018063,0.048063,0.017917,0.044906,0.02735,0.044679,0.041163,0.043382,0.038678,0.016776,0.042949,0.029056,,6.64E+09,7.05E+09,4.55E+09,1.64E+09,5.82E+09,1.71E+09,6.73E+09,3.78E+09,7.07E+09,6.75E+09,5.12E+09,4.84E+09,1.38E+09,5.09E+09,4.21E+09,,27.3,27.66,27.3,27.13,26.8,26.54,26.31,25.99,25.99,26.52,26.16,26.3,27.26,26.82,26.42
H3_9_17 K9me1K14ac,0.060366,0.061182,0.038832,0.030468,0.070404,0.031697,0.057991,0.043044,0.066309,0.061167,0.067099,0.060458,0.033554,0.064668,0.041781,,8.41E+09,1.03E+10,6.25E+09,2.76E+09,8.52E+09,3.03E+09,8.70E+09,5.95E+09,1.05E+10,1.00E+10,7.92E+09,7.56E+09,2.76E+09,7.66E+09,6.06E+09,,29.88,30.2,29.93,29.77,29.55,29.13,29.09,28.9,28.75,29.22,28.91,29.02,29.9,29.42,28.97
H3_9_17 K9me2K14ac,0.137085,0.158301,0.106177,0.086645,0.12358,0.080958,0.140432,0.101276,0.163013,0.150113,0.128949,0.161293,0.085443,0.134092,0.10206,,1.91E+10,2.67E+10,1.71E+10,7.85E+09,1.50E+10,7.75E+09,2.11E+10,1.40E+10,2.58E+10,2.46E+10,1.52E+10,2.02E+10,7.02E+09,1.59E+10,1.48E+10,,21.28,21.45,21.38,21,20.49,20.53,20.06,19.82,19.83,20.33,20.1,20.24,20.95,20.51,20.25
H3_9_17 K9me3K14ac,0.048294,0.069169,0.038021,0.044234,0.027348,0.042876,0.047616,0.035407,0.066713,0.05038,0.031651,0.067457,0.044057,0.033048,0.0369,,6.73E+09,1.17E+10,6.12E+09,4.01E+09,3.31E+09,4.10E+09,7.14E+09,4.89E+09,1.06E+10,8.26E+09,3.74E+09,8.44E+09,3.62E+09,3.92E+09,5.35E+09,,21.16,21.37,21.26,20.92,20.41,20.41,19.94,19.74,19.71,20.25,19.99,20.12,20.87,20.43,20.17
H3_9_17 K9acK14ac,0.00419,0.005174,0.002395,0.002811,0.004755,0.002429,0.004237,0.00253,0.00647,0.004296,0.00471,0.004785,0.002498,0.004524,0.002914,,5.84E+08,8.72E+08,3.85E+08,2.55E+08,5.75E+08,2.32E+08,6.35E+08,3.50E+08,1.02E+09,7.04E+08,5.56E+08,5.98E+08,2.05E+08,5.36E+08,4.22E+08,,27.34,27.7,27.34,27.13,26.84,26.58,26.31,26.03,26.03,26.56,26.16,26.34,27.3,26.86,26.46
KQLATKAAR(H3_18_26),,,,,,,,,,,,,,,,,,,,,,,,,,,,,,,,,,,,,,,,,,,,,,,
H3_18_26 unmod,0.710093,0.691143,0.770467,0.831767,0.667579,0.838846,0.709849,0.764311,0.677021,0.704942,0.670078,0.68786,0.829387,0.667129,0.762658,,1.12E+11,1.32E+11,1.22E+11,7.50E+10,9.72E+10,7.94E+10,1.16E+11,1.02E+11,1.18E+11,1.07E+11,8.52E+10,7.92E+10,6.78E+10,8.00E+10,1.10E+11,,42.04,42.19,41.91,41.86,41.32,41.43,41.32,41.45,41.33,41.31,41.28,41.79,41.74,41.7,41.03
H3_18_26 K23me1,0.060063,0.066874,0.047111,0.036691,0.071815,0.032095,0.053643,0.043919,0.061244,0.055292,0.061841,0.068623,0.034857,0.066334,0.047928,,9.43E+09,1.27E+10,7.46E+09,3.31E+09,1.05E+10,3.04E+09,8.79E+09,5.88E+09,1.07E+10,8.36E+09,7.86E+09,7.90E+09,2.85E+09,7.95E+09,6.93E+09,,42.12,42.23,41.95,41.9,41.36,41.47,41.39,41.49,41.37,41.35,41.32,41.83,41.78,41.74,41.11
H3_18_26 K18me1,0.001057,0.000769,0.001164,0.0018,0,0.001855,0.001073,0.001569,0.001342,0.001097,0,0.001087,0.001947,0,0.001158,,1.66E+08,1.46E+08,1.84E+08,1.62E+08,0.00E+00,1.76E+08,1.76E+08,2.10E+08,2.35E+08,1.66E+08,0.00E+00,1.25E+08,1.59E+08,0.00E+00,1.67E+08,,44,44.2,43.92,43.87,43.33,43.49,43.32,43.51,43.51,43.36,43.3,43.74,43.76,43.57,43.04
H3_18_26 K18me1K23me1,0.000017,0,0.000146,0.000062,0.000025,0.000041,0,0.000082,0.000034,0.000053,0.000025,0,0,0,0.000021,,2.66E+06,0.00E+00,2.32E+07,5.64E+06,3.60E+06,3.88E+06,0.00E+00,1.10E+07,5.86E+06,8.08E+06,3.23E+06,0.00E+00,0.00E+00,0.00E+00,3.09E+06,,47.62,0,43.84,47.38,47,47.12,0,43.43,42.38,45.86,47.05,0,0,0,43.63
H3_18_26 K18ac,0.119647,0.124573,0.101673,0.076075,0.131619,0.075957,0.125203,0.106926,0.13159,0.125264,0.134353,0.125007,0.079105,0.134455,0.10442,,1.88E+10,2.37E+10,1.61E+10,6.86E+09,1.92E+10,7.19E+09,2.05E+10,1.43E+10,2.30E+10,1.89E+10,1.71E+10,1.44E+10,6.47E+09,1.61E+10,1.51E+10,,42.08,42.19,41.91,41.86,41.36,41.43,41.36,41.45,41.33,41.31,41.32,41.79,41.78,41.7,41.07
H3_18_26 K23ac,0.094434,0.113877,0.070221,0.042576,0.112714,0.042055,0.095741,0.073569,0.125821,0.097405,0.115709,0.114917,0.044411,0.115078,0.073213,,1.48E+10,2.17E+10,1.11E+10,3.84E+09,1.64E+10,3.98E+09,1.57E+10,9.86E+09,2.20E+10,1.47E+10,1.47E+10,1.32E+10,3.63E+09,1.38E+10,1.06E+10,,42.08,42.23,41.95,41.86,41.36,41.43,41.36,41.49,41.37,41.31,41.32,41.83,41.78,41.7,41.07
H3_18_26 K18acK23ac,0.014689,0.002766,0.009216,0.011029,0.016249,0.009151,0.014491,0.009624,0.002948,0.015946,0.017994,0.002506,0.010294,0.017004,0.010602,,2.31E+09,5.27E+08,1.46E+09,9.95E+08,2.37E+09,8.67E+08,2.37E+09,1.29E+09,5.15E+08,2.41E+09,2.29E+09,2.89E+08,8.42E+08,2.04E+09,1.53E+09,,42.12,42.27,41.99,41.9,41.4,41.47,41.39,41.53,41.41,41.35,41.36,41.87,41.82,41.74,41.11
KSAPATGGVKKPHR(H3_27_40),,,,,,,,,,,,,,,,,,,,,,,,,,,,,,,,,,,,,,,,,,,,,,,
H3_27_40 unmod,0.099709,0.049873,0.054728,0.035032,0.08021,0.03165,0.098823,0.059091,0.055055,0.099932,0.077407,0.060653,0.03561,0.08277,0.061689,,1.93E+10,1.22E+10,1.16E+10,3.78E+09,1.66E+10,3.70E+09,2.25E+10,1.09E+10,1.08E+10,2.13E+10,1.46E+10,9.15E+09,3.16E+09,1.29E+10,1.14E+10,,30.19,30.6,30.28,30.12,29.99,29.44,29.52,29.33,29.1,29.54,29.27,29.42,30.21,29.73,29.33
H3_27_40 K36me1,0.016182,0.01182,0.023262,0.004795,0.012842,0.005507,0.014957,0.02524,0.013277,0.016185,0.01269,0.012979,0.005417,0.013532,0.024735,,3.13E+09,2.88E+09,4.92E+09,5.17E+08,2.65E+09,6.43E+08,3.41E+09,4.64E+09,2.61E+09,3.45E+09,2.40E+09,1.96E+09,4.80E+08,2.12E+09,4.58E+09,,31.44,31.77,31.42,31.3,31.16,30.58,30.73,30.55,30.32,30.87,30.45,30.68,31.36,30.96,30.46
H3_27_40 K27me1,0.003722,0.003248,0.005135,0.002094,0.003383,0.002067,0.003252,0.004988,0.003094,0.003905,0.002989,0.003127,0.00233,0.003315,0.005327,,7.21E+08,7.93E+08,1.09E+09,2.26E+08,6.99E+08,2.42E+08,7.42E+08,9.17E+08,6.08E+08,8.33E+08,5.64E+08,4.72E+08,2.07E+08,5.19E+08,9.87E+08,,31.51,31.81,31.49,31.38,31.28,30.66,30.81,30.63,30.4,30.98,30.57,30.76,31.44,31.04,30.54
H3_27_40 K27me2,0.224015,0.262758,0.26986,0.379029,0.454454,0.396533,0.205915,0.260173,0.253997,0.229976,0.463567,0.266613,0.403814,0.481187,0.272766,,4.34E+10,6.41E+10,5.71E+10,4.09E+10,9.39E+10,4.63E+10,4.69E+10,4.78E+10,4.99E+10,4.91E+10,8.76E+10,4.02E+10,3.58E+10,7.53E+10,5.05E+10,,25.87,26.35,25.83,25.66,25.2,25.19,24.81,24.44,24.48,25.13,24.65,24.78,25.75,25.46,24.87
H3_27_40 K36me2,0.042861,0.036893,0.073181,0.017233,0.062792,0.018583,0.04878,0.075064,0.039788,0.045447,0.054499,0.042861,0.020888,0.056823,0.078313,,8.30E+09,9.00E+09,1.55E+10,1.86E+09,1.30E+10,2.17E+09,1.11E+10,1.38E+10,7.82E+09,9.69E+09,1.03E+10,6.47E+09,1.85E+09,8.89E+09,1.45E+10,,27.18,27.54,27.18,27.02,26.8,26.34,26.23,25.87,25.87,26.4,26,26.18,27.1,26.66,26.3
H3_27_40 K27me3,0.072704,0.153212,0.064276,0.174182,0.171552,0.166876,0.068938,0.062084,0.146259,0.0743,0.178686,0.146843,0.177817,0.165701,0.064765,,1.41E+10,3.74E+10,1.36E+10,1.88E+10,3.55E+10,1.95E+10,1.57E+10,1.14E+10,2.87E+10,1.58E+10,3.37E+10,2.22E+10,1.58E+10,2.59E+10,1.20E+10,,25.87,26.35,25.83,25.62,25.16,25.15,24.81,24.44,24.44,25.09,24.65,24.78,25.75,25.43,24.87
H3_27_40 K36me3,0.019319,0.015361,0.021862,0.016672,0.038236,0.011366,0.017529,0.021646,0.014964,0.019442,0.032129,0.015293,0.013005,0.032497,0.023431,,3.74E+09,3.75E+09,4.62E+09,1.80E+09,7.90E+09,1.33E+09,4.00E+09,3.98E+09,2.94E+09,4.15E+09,6.07E+09,2.31E+09,1.15E+09,5.08E+09,4.34E+09,,27.14,27.54,27.14,27.02,26.76,26.38,26.2,25.87,25.87,26.4,26,26.18,27.14,26.66,26.3
H3_27_40 K27me2K36me1,0.1315,0.12206,0.149739,0.116341,0.050543,0.128123,0.123656,0.162771,0.127923,0.135907,0.052507,0.132473,0.122339,0.055919,0.155521,,2.55E+10,2.98E+10,3.17E+10,1.25E+10,1.04E+10,1.50E+10,2.82E+10,2.99E+10,2.51E+10,2.90E+10,9.92E+09,2.00E+10,1.08E+10,8.75E+09,2.88E+10,,26.95,27.34,26.94,26.82,26.53,26.18,25.96,25.63,25.64,26.17,25.81,25.94,26.9,26.5,26.07
H3_27_40 K27me1K36me2,0.107292,0.096812,0.125923,0.043713,0.049002,0.042575,0.106695,0.130637,0.09867,0.106921,0.047226,0.098079,0.044111,0.045832,0.127158,,2.08E+10,2.36E+10,2.66E+10,4.71E+09,1.01E+10,4.97E+09,2.43E+10,2.40E+10,1.94E+10,2.28E+10,8.92E+09,1.48E+10,3.91E+09,7.17E+09,2.36E+10,,28.94,29.26,28.98,28.94,28.69,28.18,28.11,27.91,27.76,28.16,27.97,28.03,28.95,28.51,27.99
H3_27_40 K27me1K36me1,0.030793,0.0229,0.037029,0.010186,0.011352,0.010889,0.029878,0.040079,0.021128,0.0309,0.012442,0.023599,0.011958,0.012127,0.042431,,5.97E+09,5.59E+09,7.83E+09,1.10E+09,2.35E+09,1.27E+09,6.81E+09,7.37E+09,4.15E+09,6.59E+09,2.35E+09,3.56E+09,1.06E+09,1.90E+09,7.86E+09,,33.24,33.64,33.32,33.17,32.99,32.41,32.59,32.62,32.27,32.61,32.4,32.68,33.2,32.95,32.29
H3_27_40 K27me3K36me1,0.031844,0.039154,0.02481,0.057441,0.017108,0.0534,0.031095,0.025698,0.038792,0.031039,0.016158,0.038471,0.054075,0.015231,0.024319,,6.17E+09,9.55E+09,5.25E+09,6.19E+09,3.54E+09,6.24E+09,7.09E+09,4.72E+09,7.62E+09,6.62E+09,3.05E+09,5.81E+09,4.79E+09,2.38E+09,4.51E+09,,26.95,27.34,26.94,26.86,26.53,26.18,25.96,25.63,25.64,26.21,25.81,25.94,26.9,26.5,26.07
H3_27_40 K27me1K36me3,0.028024,0.025133,0.025085,0.022851,0.027575,0.02229,0.028507,0.02555,0.024734,0.027167,0.025757,0.023978,0.024263,0.020971,0.024319,,5.43E+09,6.13E+09,5.31E+09,2.46E+09,5.70E+09,2.60E+09,6.50E+09,4.70E+09,4.86E+09,5.80E+09,4.86E+09,3.62E+09,2.15E+09,3.28E+09,4.51E+09,,28.94,29.26,28.98,28.94,28.69,28.18,28.11,27.87,27.76,28.16,27.97,27.99,28.95,28.51,27.99
H3_27_40 K27me2K36me2,0.161124,0.136257,0.084595,0.09078,0.014265,0.077064,0.181408,0.093276,0.135938,0.150176,0.01549,0.114602,0.064652,0.00992,0.085571,,3.12E+10,3.33E+10,1.79E+10,9.79E+09,2.95E+09,9.00E+09,4.14E+10,1.71E+10,2.67E+10,3.20E+10,2.93E+09,1.73E+10,5.73E+09,1.55E+09,1.59E+10,,23.15,23.61,23.21,22.88,22.45,22.49,21.76,21.7,21.66,22.24,21.99,22.04,22.75,22.64,22.04
H3_27_40 K27me3K36me2,0.029974,0.024407,0.009274,0.026989,0.00334,0.018615,0.039419,0.0105,0.026321,0.026542,0.003736,0.018302,0.01729,0.00183,0.008984,,5.81E+09,5.96E+09,1.96E+09,2.91E+09,6.91E+08,2.17E+09,8.99E+09,1.93E+09,5.17E+09,5.66E+09,7.06E+08,2.76E+09,1.53E+09,2.86E+08,1.66E+09,,23.15,23.57,23.21,22.88,22.45,22.49,21.72,21.7,21.66,22.24,22.03,22.04,22.75,22.64,22.04
H3_27_40 K27ac,0.000937,0.000112,0.031241,0.002662,0.003344,0.014462,0.00115,0.003203,0.000059,0.002161,0.004716,0.002127,0.00243,0.002344,0.00067,,1.82E+08,2.74E+07,6.61E+09,2.87E+08,6.91E+08,1.69E+09,2.62E+08,5.89E+08,1.16E+07,4.61E+08,8.91E+08,3.21E+08,2.15E+08,3.67E+08,1.24E+08,,30.19,30.56,29.77,30.12,29.99,29.4,29.56,29.1,29.1,29.58,29.23,29.26,30.17,29.73,29.33
KSAPSTGGVKKPHR(H33_27_40),,,,,,,,,,,,,,,,,,,,,,,,,,,,,,,,,,,,,,,,,,,,,,,
H33_27_40 unmod,0.073991,0.044615,0.054551,0.045226,0.06655,0.042874,0.067099,0.057651,0.044801,0.07493,0.066575,0.047868,0.051487,0.073745,0.059343,,1.60E+09,1.61E+09,2.06E+09,8.44E+08,1.37E+09,9.25E+08,1.72E+09,1.91E+09,1.34E+09,1.77E+09,1.38E+09,1.07E+09,7.94E+08,1.10E+09,1.95E+09,,29.68,30.01,29.73,29.65,29.44,28.93,28.97,28.78,28.55,29.03,28.76,28.78,29.66,29.22,28.78
H33_27_40 K36me1,0.017331,0.018693,0.031366,0.010126,0.034163,0.010538,0.017849,0.031521,0.018978,0.018947,0.028123,0.019852,0.012119,0.035055,0.033784,,3.74E+08,6.73E+08,1.19E+09,1.89E+08,7.04E+08,2.27E+08,4.59E+08,1.04E+09,5.69E+08,4.49E+08,5.84E+08,4.42E+08,1.87E+08,5.25E+08,1.11E+09,,30.85,31.23,30.91,31.46,30.61,29.99,30.19,30,29.73,30.28,29.94,30.09,30.81,30.41,29.91
H33_27_40 K27me1,0.050537,0.030467,0.040428,0.025776,0.050283,0.036324,0.044982,0.041671,0.0305,0.052381,0.045208,0.03498,0.043083,0.047598,0.042707,,1.09E+09,1.10E+09,1.53E+09,4.81E+08,1.04E+09,7.84E+08,1.16E+09,1.38E+09,9.15E+08,1.24E+09,9.39E+08,7.79E+08,6.64E+08,7.13E+08,1.40E+09,,31.63,31.93,31.57,31.5,31.36,30.78,30.92,30.75,30.52,31.02,30.65,30.88,31.52,31.16,30.62
H33_27_40 K27me2,0.123456,0.137761,0.163372,0.259294,0.267856,0.27433,0.124138,0.165005,0.130784,0.136025,0.253863,0.139199,0.27152,0.276718,0.162094,,2.67E+09,4.96E+09,6.18E+09,4.84E+09,5.52E+09,5.92E+09,3.19E+09,5.46E+09,3.92E+09,3.22E+09,5.27E+09,3.10E+09,4.19E+09,4.14E+09,5.33E+09,,25.64,26.07,25.59,25.31,24.89,24.91,24.53,24.12,24.17,24.82,24.37,24.51,25.43,25.19,24.59
H33_27_40 K36me2,0.068683,0.062554,0.090322,0.044691,0.107073,0.056885,0.07463,0.101837,0.085062,0.078976,0.119886,0.086647,0.049482,0.111918,0.108536,,1.48E+09,2.25E+09,3.42E+09,8.34E+08,2.21E+09,1.23E+09,1.92E+09,3.37E+09,2.55E+09,1.87E+09,2.49E+09,1.93E+09,7.63E+08,1.68E+09,3.57E+09,,26.67,27.1,26.67,26.58,26.25,25.98,25.68,25.35,25.4,25.97,25.49,25.66,26.58,26.18,25.78
H33_27_40 K27me3,0.042788,0.063373,0.038795,0.117348,0.109171,0.108837,0.041963,0.038004,0.062009,0.044157,0.093384,0.070358,0.109645,0.099314,0.037838,,9.24E+08,2.28E+09,1.47E+09,2.19E+09,2.25E+09,2.35E+09,1.08E+09,1.26E+09,1.86E+09,1.05E+09,1.94E+09,1.57E+09,1.69E+09,1.49E+09,1.24E+09,,25.6,26.07,25.56,25.31,24.89,24.91,24.49,24.12,24.17,24.82,24.37,24.51,25.39,25.19,24.59
H33_27_40 K36me3,0.000522,0.027921,0.048893,0.000502,0.064643,0.017808,0.000459,0.000496,0.000599,0.026741,0.079863,0.000555,0.000777,0.059815,0.00053,,1.13E+07,1.01E+09,1.85E+09,9.38E+06,1.33E+09,3.84E+08,1.18E+07,1.64E+07,1.80E+07,6.33E+08,1.66E+09,1.24E+07,1.20E+07,8.95E+08,1.74E+07,,26.35,27.1,26.67,26.5,26.25,25.94,25.64,25.31,25.32,25.97,25.53,25.62,26.19,26.22,25.74
H33_27_40 K27me2K36me1,0.155257,0.137635,0.190382,0.136575,0.081289,0.123386,0.151001,0.177409,0.151683,0.148264,0.107994,0.158277,0.141452,0.084209,0.178005,,3.35E+09,4.96E+09,7.20E+09,2.55E+09,1.68E+09,2.66E+09,3.88E+09,5.87E+09,4.55E+09,3.51E+09,2.24E+09,3.53E+09,2.18E+09,1.26E+09,5.85E+09,,26.63,27.06,26.63,26.5,26.2,25.94,25.64,25.31,25.32,25.93,25.49,25.62,26.58,26.22,25.74
H33_27_40 K27me1K36me2,0.12319,0.133812,0.132908,0.079018,0.085962,0.077478,0.114119,0.13753,0.135385,0.105748,0.080914,0.138655,0.090621,0.092332,0.129392,,2.66E+09,4.82E+09,5.03E+09,1.47E+09,1.77E+09,1.67E+09,2.93E+09,4.55E+09,4.06E+09,2.50E+09,1.68E+09,3.09E+09,1.40E+09,1.38E+09,4.25E+09,,28.51,28.83,28.51,28.43,28.18,27.72,27.64,27.32,27.25,27.7,27.5,27.48,28.44,28.04,27.52
H33_27_40 K27me1K36me1,0.037525,0.026868,0.034228,0.016135,0.026755,0.018513,0.028705,0.040761,0.029359,0.031545,0.024508,0.031306,0.015852,0.030919,0.037421,,8.11E+08,9.67E+08,1.30E+09,3.01E+08,5.51E+08,3.99E+08,7.38E+08,1.35E+09,8.81E+08,7.47E+08,5.09E+08,6.98E+08,2.44E+08,4.63E+08,1.23E+09,,32.67,33.09,32.73,32.63,32.48,31.91,32.08,32.03,31.69,32.14,31.85,32.09,32.65,32.4,31.78
H33_27_40 K27me3K36me1,0.026176,0.030009,0.019931,0.041153,0.011521,0.036315,0.024814,0.01863,0.026876,0.0255,0.010547,0.026855,0.039568,0.010134,0.018554,,5.66E+08,1.08E+09,7.54E+08,7.68E+08,2.37E+08,7.83E+08,6.38E+08,6.16E+08,8.06E+08,6.04E+08,2.19E+08,5.98E+08,6.10E+08,1.52E+08,6.10E+08,,26.63,27.06,26.63,26.5,26.2,25.94,25.64,25.31,25.32,25.93,25.49,25.58,26.58,26.18,25.74
H33_27_40 K27me1K36me3,0.048538,0.052513,0.045491,0.057109,0.054883,0.050954,0.048211,0.04278,0.048116,0.046945,0.044694,0.048886,0.05575,0.041066,0.040627,,1.05E+09,1.89E+09,1.72E+09,1.07E+09,1.13E+09,1.10E+09,1.24E+09,1.42E+09,1.44E+09,1.11E+09,9.28E+08,1.09E+09,8.60E+08,6.15E+08,1.33E+09,,28.51,28.83,28.51,28.43,28.18,27.72,27.6,27.29,27.25,27.7,27.46,27.48,28.44,28.08,27.52
H33_27_40 K27me2K36me2,0.17602,0.181586,0.088009,0.115612,0.024446,0.107995,0.200136,0.120953,0.194434,0.164589,0.02498,0.160136,0.084091,0.016431,0.126444,,3.80E+09,6.54E+09,3.33E+09,2.16E+09,5.04E+08,2.33E+09,5.14E+09,4.00E+09,5.83E+09,3.90E+09,5.19E+08,3.57E+09,1.30E+09,2.46E+08,4.15E+09,,22.91,23.37,22.98,22.64,22.21,22.25,21.52,21.5,21.46,22,21.78,21.84,22.47,22.31,21.84
H33_27_40 K27me3K36me2,0.047053,0.039641,0.01413,0.047234,0.007701,0.032755,0.058963,0.015859,0.038702,0.040569,0.007801,0.031306,0.029306,0.008469,0.015149,,1.02E+09,1.43E+09,5.35E+08,8.82E+08,1.59E+08,7.07E+08,1.52E+09,5.25E+08,1.16E+09,9.61E+08,1.62E+08,6.98E+08,4.52E+08,1.27E+08,4.98E+08,,22.91,23.37,23.02,22.68,22.25,22.25,21.52,21.5,21.5,22,21.86,21.88,22.51,22.43,21.84
H33_27_40 K27ac,0.008934,0.012552,0.007195,0.0042,0.007704,0.005007,0.002932,0.009892,0.002713,0.004684,0.011659,0.00512,0.005248,0.012277,0.009578,,1.93E+08,4.52E+08,2.72E+08,7.84E+07,1.59E+08,1.08E+08,7.54E+07,3.27E+08,8.14E+07,1.11E+08,2.42E+08,1.14E+08,8.09E+07,1.84E+08,3.15E+08,,29.21,29.34,29.34,29.65,29.47,28.93,28.97,28.23,27.99,29.03,28.76,28.31,29.7,29.22,28.26
YQKSTELLIR(H3_54_63),,,,,,,,,,,,,,,,,,,,,,,,,,,,,,,,,,,,,,,,,,,,,,,
H3_54_63 unmod,0.336567,0.422008,0.432761,0.391337,0.170859,0.123263,0.19777,0.128579,0.467016,0.228156,0.148398,0.135018,0.229577,0.049031,0.159848,,2.54E+09,3.45E+09,3.59E+09,2.94E+09,1.06E+09,4.92E+08,1.48E+09,7.83E+08,4.36E+09,1.57E+09,8.58E+08,7.39E+08,1.49E+09,1.51E+08,8.23E+08,,48.29,48.5,48.22,48.09,47.75,47.83,47.64,47.9,47.94,47.82,47.8,48.01,48,47.88,47.55
H3_54_63 K56me1,0.000242,0.000396,0.002047,0.000021,0.000447,0.000281,0.000617,0.001706,0,0.00107,0.000485,0.000464,0,0.004147,0.002006,,1.83E+06,3.24E+06,1.70E+07,1.58E+05,2.78E+06,1.12E+06,4.62E+06,1.04E+07,0.00E+00,7.39E+06,2.81E+06,2.54E+06,0.00E+00,1.28E+07,1.03E+07,,49.21,50.87,50.51,50.84,48.67,48.76,48.55,50.4,0,50.43,50.55,50.43,0,50.34,50.13
H3_54_63 K56me2,0.662899,0.573862,0.564499,0.607712,0.824243,0.871511,0.795014,0.865951,0.531825,0.768599,0.844738,0.861278,0.766631,0.945134,0.832359,,5.01E+09,4.69E+09,4.69E+09,4.57E+09,5.12E+09,3.48E+09,5.96E+09,5.27E+09,4.97E+09,5.30E+09,4.89E+09,4.71E+09,4.99E+09,2.92E+09,4.28E+09,,41.92,42.04,41.76,41.54,41.05,41,41,41.02,40.93,40.92,40.85,41.44,40.98,41.35,40.83
H3_54_63 K56me3,0.000292,0.003734,0.000694,0.000806,0.004452,0.004946,0.002736,0.003764,0.00116,0.002175,0.006378,0.00324,0.003792,0.001688,0.005788,,2.21E+06,3.05E+07,5.76E+06,6.06E+06,2.77E+07,1.98E+07,2.05E+07,2.29E+07,1.08E+07,1.50E+07,3.69E+07,1.77E+07,2.47E+07,5.21E+06,2.98E+07,,41.3,41.72,41.17,41.27,40.46,40.68,40.69,40.66,40.65,40.53,40.18,41.08,41.06,40.91,40.51
H3_54_63 K56ac,0,0,0,0.000125,0,0,0.003863,0,0,0,0,0,0,0,0,,0.00E+00,0.00E+00,0.00E+00,9.38E+05,0.00E+00,0.00E+00,2.89E+07,0.00E+00,0.00E+00,0.00E+00,0.00E+00,0.00E+00,0.00E+00,0.00E+00,0.00E+00,,0,0,0,48.33,0,0,48.03,0,0,0,0,0,0,0,0
EIAQDFKTDLR(H3_73_83),,,,,,,,,,,,,,,,,,,,,,,,,,,,,,,,,,,,,,,,,,,,,,,
H3_73_83 unmod,0.951047,0.970517,0.979598,0.958363,0.987624,0.949522,0.941112,0.974446,0.994445,0.942905,0.965389,0.976359,0.984838,0.984129,0.95604,,1.21E+09,1.39E+09,1.17E+09,8.28E+08,1.09E+09,8.29E+08,9.74E+08,1.15E+09,1.84E+09,1.12E+09,9.45E+08,9.78E+08,1.01E+09,9.94E+08,1.03E+09,,39.75,39.85,39.62,39.43,39.18,38.95,38.99,39.14,38.97,39.05,38.97,39.51,39.49,39.33,38.76
H3_73_83 K79me1,0.004853,0.004406,0.000889,0.009848,0.004316,0.012624,0.011114,0.015058,0.001722,0.001676,0.018359,0.005941,0,0.000822,0.010718,,6.19E+06,6.32E+06,1.06E+06,8.51E+06,4.77E+06,1.10E+07,1.15E+07,1.78E+07,3.18E+06,2.00E+06,1.80E+07,5.95E+06,0.00E+00,8.31E+05,1.16E+07,,44.52,44.28,44.52,44.39,43.21,44.05,43.28,43.63,46.34,43.88,43.14,43.82,0,50.75,43.51
H3_73_83 K79me2,0.041716,0.022564,0.014321,0.031789,0.00806,0.037854,0.047775,0.010496,0.003833,0.055419,0.016252,0.017701,0.015162,0.015048,0.027782,,5.32E+07,3.24E+07,1.71E+07,2.75E+07,8.90E+06,3.31E+07,4.94E+07,1.24E+07,7.08E+06,6.60E+07,1.59E+07,1.77E+07,1.56E+07,1.52E+07,3.00E+07,,29.1,29.42,29.14,30.4,28.84,29.76,28.31,28.07,27.95,28.4,28.16,28.19,30.57,30.09,28.18
H3_73_83 K79me3,0.002384,0.002513,0.005192,0,0,0,0,0,0,0,0,0,0,0,0.005459,,3.04E+06,3.60E+06,6.20E+06,0.00E+00,0.00E+00,0.00E+00,0.00E+00,0.00E+00,0.00E+00,0.00E+00,0.00E+00,0.00E+00,0.00E+00,0.00E+00,5.90E+06,,27.65,28.05,27.69,29.9,28.34,29.26,27.81,27.57,27.45,27.9,27.66,27.69,30.07,29.59,26.73
H3_73_83 K79ac,0,0,0,0,0,0,0,0,0,0,0,0,0,0,0,,0.00E+00,0.00E+00,0.00E+00,0.00E+00,0.00E+00,0.00E+00,0.00E+00,0.00E+00,0.00E+00,0.00E+00,0.00E+00,0.00E+00,0.00E+00,0.00E+00,0.00E+00,,0,0,0,0,0,0,0,0,0,0,0,0,0,0,0
VTIMPKDIQLAR(H3_117_128),,,,,,,,,,,,,,,,,,,,,,,,,,,,,,,,,,,,,,,,,,,,,,,
H3_117_128 unmod,1,1,1,1,1,1,1,1,1,1,1,1,1,0,1,,2.12E+09,2.23E+09,2.67E+09,1.89E+09,6.39E+08,3.21E+07,2.81E+08,1.66E+08,1.53E+08,9.72E+08,1.63E+08,5.07E+07,7.66E+08,0.00E+00,2.86E+07,,53.08,53.22,52.86,52.75,52.48,52.61,52.48,52.64,52.68,52.67,52.59,52.79,52.87,52.68,52.4
H3_117_128 K122ac,0,0,0,0,0,0,0,0,0,0,0,0,0,0,0,,0.00E+00,0.00E+00,0.00E+00,0.00E+00,0.00E+00,0.00E+00,0.00E+00,0.00E+00,0.00E+00,0.00E+00,0.00E+00,0.00E+00,0.00E+00,0.00E+00,0.00E+00,,0,0,0,0,0,0,0,0,0,0,0,0,0,0,0
GKGGKGLGKGGAKR(H4_4_17),,,,,,,,,,,,,,,,,,,,,,,,,,,,,,,,,,,,,,,,,,,,,,,
H4_4_17 unmod,0.614591,0.607549,0.713009,0.658067,0.632185,0.660012,0.62284,0.710791,0.579226,0.610738,0.628925,0.596576,0.657608,0.639545,0.705086,,6.29E+10,8.40E+10,8.82E+10,5.05E+10,7.13E+10,5.58E+10,7.19E+10,8.23E+10,7.93E+10,6.95E+10,6.93E+10,5.80E+10,4.97E+10,5.93E+10,7.99E+10,,32.51,32.9,32.54,32.43,32.29,31.75,31.93,31.83,31.49,31.95,31.65,31.94,32.5,32.21,31.62
H4_4_17 K5ac,0.103801,0.109739,0.094119,0.103463,0.105094,0.105584,0.104034,0.096229,0.117059,0.106455,0.10974,0.116423,0.107801,0.104969,0.096429,,1.06E+10,1.52E+10,1.16E+10,7.94E+09,1.19E+10,8.93E+09,1.20E+10,1.11E+10,1.60E+10,1.21E+10,1.21E+10,1.13E+10,8.15E+09,9.73E+09,1.09E+10,,32.55,32.9,32.54,32.47,32.33,31.79,31.93,31.83,31.49,31.99,31.65,31.94,32.5,32.25,31.66
H4_4_17 K8ac,0.079541,0.084791,0.075317,0.082516,0.083299,0.082257,0.080583,0.074144,0.083658,0.077735,0.08271,0.083809,0.080395,0.081267,0.075342,,8.14E+09,1.17E+10,9.31E+09,6.33E+09,9.39E+09,6.96E+09,9.30E+09,8.58E+09,1.15E+10,8.85E+09,9.11E+09,8.15E+09,6.08E+09,7.54E+09,8.54E+09,,32.55,32.9,32.54,32.43,32.33,31.79,31.93,31.83,31.49,31.99,31.65,31.9,32.5,32.21,31.62
H4_4_17 K12ac,0.019033,0.016714,0.017192,0.019,0.021776,0.016758,0.01883,0.020128,0.018071,0.019426,0.021027,0.017144,0.019181,0.020854,0.019053,,1.95E+09,2.31E+09,2.13E+09,1.46E+09,2.46E+09,1.42E+09,2.17E+09,2.33E+09,2.48E+09,2.21E+09,2.32E+09,1.67E+09,1.45E+09,1.93E+09,2.16E+09,,32.55,32.9,32.54,32.43,32.33,31.79,31.93,31.83,31.49,31.99,31.65,31.9,32.5,32.25,31.66
H4_4_17 K16ac,0.074393,0.111671,0.058845,0.084846,0.084767,0.088892,0.071364,0.058906,0.124905,0.075375,0.087078,0.117759,0.086818,0.083449,0.060792,,7.62E+09,1.54E+10,7.28E+09,6.51E+09,9.56E+09,7.52E+09,8.23E+09,6.82E+09,1.71E+10,8.58E+09,9.59E+09,1.15E+10,6.57E+09,7.74E+09,6.89E+09,,32.55,32.94,32.54,32.51,32.33,31.79,32.01,31.87,31.57,32.03,31.69,31.97,32.57,32.28,31.66
H4_4_17 K5acK8ac,0.04917,0.031745,0.022676,0.025666,0.034711,0.022682,0.0477,0.021418,0.032987,0.048467,0.033147,0.030524,0.023577,0.033096,0.023441,,5.03E+09,4.39E+09,2.80E+09,1.97E+09,3.91E+09,1.92E+09,5.50E+09,2.48E+09,4.52E+09,5.52E+09,3.65E+09,2.97E+09,1.78E+09,3.07E+09,2.66E+09,,32.55,32.94,32.58,32.51,32.33,31.87,32.01,31.87,31.53,32.03,31.69,31.97,32.57,32.28,31.66
H4_4_17 K5acK12ac,0,0,0,0,0,0,0,0,0,0,0,0,0,0,0,,0.00E+00,0.00E+00,0.00E+00,0.00E+00,0.00E+00,0.00E+00,0.00E+00,0.00E+00,0.00E+00,0.00E+00,0.00E+00,0.00E+00,0.00E+00,0.00E+00,0.00E+00,,32.09,32.48,32.15,32.05,31.86,31.36,31.51,31.41,31.11,31.56,31.23,31.51,32.11,31.82,31.24
H4_4_17 K5acK16ac,0,0,0,0,0,0,0,0,0,0,0,0,0,0,0,,0.00E+00,0.00E+00,0.00E+00,0.00E+00,0.00E+00,0.00E+00,0.00E+00,0.00E+00,0.00E+00,0.00E+00,0.00E+00,0.00E+00,0.00E+00,0.00E+00,0.00E+00,,32.09,32.48,32.15,32.05,31.86,31.36,31.51,31.41,31.11,31.56,31.23,31.51,32.11,31.82,31.24
H4_4_17 K8acK12ac,0.008764,0.004634,0.003187,0.003698,0.006117,0.002922,0.007994,0.003386,0.005029,0.008723,0.005678,0.004372,0.003372,0.005725,0.003533,,8.97E+08,6.41E+08,3.94E+08,2.84E+08,6.90E+08,2.47E+08,9.22E+08,3.92E+08,6.89E+08,9.93E+08,6.25E+08,4.25E+08,2.55E+08,5.31E+08,4.00E+08,,32.59,32.94,32.65,32.51,32.33,31.87,32.01,31.91,31.53,32.1,31.77,32.01,32.57,32.28,31.74
H4_4_17 K8acK16ac,0.015712,0.01531,0.006137,0.009754,0.012462,0.008949,0.014586,0.005722,0.017516,0.015654,0.01203,0.015244,0.008978,0.011729,0.00643,,1.61E+09,2.12E+09,7.59E+08,7.49E+08,1.41E+09,7.57E+08,1.68E+09,6.62E+08,2.40E+09,1.78E+09,1.32E+09,1.48E+09,6.79E+08,1.09E+09,7.29E+08,,32.59,32.98,32.65,32.51,32.33,31.87,32.01,31.91,31.57,32.1,31.69,32.01,32.57,32.28,31.74
H4_4_17 K12acK16ac,0.008058,0.005787,0.002892,0.003711,0.005701,0.003241,0.007314,0.0028,0.006635,0.008056,0.005533,0.00567,0.003416,0.005504,0.003015,,8.25E+08,8.00E+08,3.58E+08,2.85E+08,6.43E+08,2.74E+08,8.44E+08,3.24E+08,9.09E+08,9.17E+08,6.09E+08,5.52E+08,2.58E+08,5.10E+08,3.42E+08,,32.59,33.01,32.65,32.51,32.33,31.87,32.01,31.91,31.57,32.1,31.77,32.01,32.57,32.28,31.74
H4_4_17 K5acK8acK12ac,0.004181,0.001243,0.000401,0.000615,0.001331,0.000563,0.003485,0.000415,0.001565,0.004319,0.001416,0.001251,0.000596,0.001396,0.000425,,4.28E+08,1.72E+08,4.96E+07,4.72E+07,1.50E+08,4.76E+07,4.02E+08,4.81E+07,2.14E+08,4.92E+08,1.56E+08,1.22E+08,4.50E+07,1.29E+08,4.81E+07,,32.67,33.05,32.69,32.59,32.4,31.91,32.05,31.99,31.69,32.1,31.77,32.05,32.65,32.36,31.78
H4_4_17 K5acK8acK16ac,0,0,0,0,0,0,0,0,0,0,0,0,0,0,0,,0.00E+00,0.00E+00,0.00E+00,0.00E+00,0.00E+00,0.00E+00,0.00E+00,0.00E+00,0.00E+00,0.00E+00,0.00E+00,0.00E+00,0.00E+00,0.00E+00,0.00E+00,,32.09,32.51,32.15,32.09,31.9,31.4,31.55,31.45,31.15,31.6,31.27,31.55,32.15,31.86,31.24
H4_4_17 K5acK12acK16ac,0,0,0,0,0,0,0,0,0,0,0,0,0,0,0,,0.00E+00,0.00E+00,0.00E+00,0.00E+00,0.00E+00,0.00E+00,0.00E+00,0.00E+00,0.00E+00,0.00E+00,0.00E+00,0.00E+00,0.00E+00,0.00E+00,0.00E+00,,32.09,32.51,32.15,32.09,31.9,31.4,31.55,31.45,31.15,31.6,31.27,31.55,32.15,31.86,31.24
H4_4_17 K8acK12acK16ac,0.018443,0.009381,0.005374,0.006985,0.010604,0.006806,0.017039,0.005359,0.011305,0.019707,0.010808,0.010048,0.006716,0.010324,0.005524,,1.89E+09,1.30E+09,6.64E+08,5.36E+08,1.20E+09,5.76E+08,1.97E+09,6.20E+08,1.55E+09,2.24E+09,1.19E+09,9.78E+08,5.08E+08,9.57E+08,6.26E+08,,32.59,32.98,32.65,32.51,32.33,31.87,32.01,31.95,31.61,32.07,31.77,32.01,32.65,32.36,31.7
H4_4_17 K5acK8acK12acK16ac,0.004314,0.001436,0.000851,0.001679,0.001954,0.001334,0.004231,0.000702,0.002044,0.005347,0.00191,0.001181,0.001541,0.002144,0.000929,,4.42E+08,1.98E+08,1.05E+08,1.29E+08,2.20E+08,1.13E+08,4.88E+08,8.12E+07,2.80E+08,6.09E+08,2.10E+08,1.15E+08,1.17E+08,1.99E+08,1.05E+08,,32.63,33.01,32.73,32.59,32.4,31.91,32.05,31.99,31.65,32.1,31.77,32.05,32.65,32.36,31.78
KVLR(H4_20_23),,,,,,,,,,,,,,,,,,,,,,,,,,,,,,,,,,,,,,,,,,,,,,,
H4_20_23 unmod,0.51438,0.37937,0.518283,0.4663,0.494519,0.453894,0.468765,0.478354,0.41445,0.48911,0.479337,0.394026,0.444984,0.454899,0.464077,,1.36E+10,1.27E+10,1.48E+10,5.50E+09,1.20E+10,5.51E+09,1.14E+10,1.14E+10,1.27E+10,1.35E+10,1.07E+10,8.28E+09,4.59E+09,8.86E+09,1.24E+10,,40.57,40.75,40.43,40.29,39.96,39.81,39.8,39.88,39.72,39.83,39.71,40.26,40.36,40.16,39.54
H4_20_23 K20me1,0.402064,0.522931,0.375705,0.379137,0.411119,0.380151,0.453691,0.434549,0.500469,0.440082,0.42621,0.527577,0.410396,0.433282,0.422184,,1.07E+10,1.76E+10,1.07E+10,4.47E+09,9.96E+09,4.61E+09,1.10E+10,1.03E+10,1.53E+10,1.22E+10,9.53E+09,1.11E+10,4.23E+09,8.44E+09,1.13E+10,,42.7,42.97,42.58,43,42.03,42.57,41.98,42.28,41.95,42.02,42.15,42.42,42.96,42.49,41.85
H4_20_23 K20me2,0.083556,0.097458,0.104018,0.153177,0.094049,0.164269,0.077544,0.085265,0.084808,0.070446,0.094328,0.078398,0.14332,0.111298,0.111381,,2.21E+09,3.27E+09,2.96E+09,1.81E+09,2.28E+09,1.99E+09,1.88E+09,2.03E+09,2.59E+09,1.95E+09,2.11E+09,1.65E+09,1.48E+09,2.17E+09,2.97E+09,,30.85,31.19,30.83,30.79,30.42,30.11,30.07,29.88,29.58,30.2,29.9,30.13,30.97,30.41,29.8
H4_20_23 K20me3,0,0.000241,0.001994,0.001386,0.000312,0.001685,0,0.001832,0.000274,0,0.000126,0,0.0013,0.000521,0.002358,,0.00E+00,8.09E+06,5.68E+07,1.63E+07,7.57E+06,2.04E+07,0.00E+00,4.36E+07,8.36E+06,0.00E+00,2.81E+06,0.00E+00,1.34E+07,1.01E+07,6.29E+07,,30.35,31.03,30.67,30.6,30.3,29.99,29.57,29.77,29.54,29.7,29.78,29.63,30.77,30.29,29.72
H4_20_23 K20ac,0,0,0,0,0,0,0,0,0,0.000363,0,0,0,0,0,,0.00E+00,0.00E+00,0.00E+00,0.00E+00,0.00E+00,0.00E+00,0.00E+00,0.00E+00,0.00E+00,1.00E+07,0.00E+00,0.00E+00,0.00E+00,0.00E+00,0.00E+00,,0,0,0,0,0,0,0,0,0,39.98,0,0,0,0,0
RGGVKR(H4_40_45),,,,,,,,,,,,,,,,,,,,,,,,,,,,,,,,,,,,,,,,,,,,,,,
H4_40_45 unmod,1,1,0.999984,1,1,1,1,1,1,1,1,1,1,1,1,,7.77E+10,1.05E+11,1.08E+11,6.73E+10,9.97E+10,7.62E+10,9.22E+10,9.96E+10,1.09E+11,1.04E+11,9.18E+10,8.31E+10,5.76E+10,8.54E+10,1.05E+11,,21.95,22.25,22.06,21.72,21.21,21.29,20.73,20.58,20.59,21.09,20.91,21,21.67,21.31,21.01
H4_40_45 K44ac,0,0,0.000016,0,0,0,0,0,0,0,0,0,0,0,0,,0.00E+00,0.00E+00,1.74E+06,0.00E+00,0.00E+00,0.00E+00,0.00E+00,0.00E+00,0.00E+00,0.00E+00,0.00E+00,0.00E+00,0.00E+00,0.00E+00,0.00E+00,,0,0,22.18,0,0,0,0,0,0,0,0,0,0,0,0
KSAGAAKR(H14_25_32),,,,,,,,,,,,,,,,,,,,,,,,,,,,,,,,,,,,,,,,,,,,,,,
H14_25_32 unmod,0.982656,0.981288,0.966048,0.97504,0.981072,0.977639,0.984569,0.965877,0.980959,0.984315,0.98118,0.981454,0.974778,0.980188,0.96556,,2.48E+10,3.20E+10,1.39E+10,1.03E+10,3.31E+10,9.98E+09,2.54E+10,1.18E+10,3.92E+10,2.64E+10,2.92E+10,2.46E+10,9.25E+09,2.62E+10,1.16E+10,,27.77,28.13,27.77,27.57,27.31,27.05,26.82,26.54,26.46,26.99,26.67,26.81,27.73,27.29,26.89
H14_25_32 K25me1,0.016638,0.018376,0.033875,0.024939,0.018928,0.022361,0.015,0.033586,0.018654,0.014855,0.01873,0.017811,0.025151,0.019808,0.033812,,4.20E+08,5.99E+08,4.87E+08,2.64E+08,6.38E+08,2.28E+08,3.86E+08,4.11E+08,7.46E+08,3.99E+08,5.58E+08,4.46E+08,2.39E+08,5.30E+08,4.08E+08,,30.35,30.72,30.4,30.2,30.07,29.6,29.6,29.41,29.22,29.73,29.39,29.53,30.37,29.89,29.44
H14_25_32 K25me2,0.000706,0.000007,0.000077,0.000021,0,0,0.000431,0.000537,0.000113,0.00083,0.00009,0.00043,0,0,0.000627,,1.78E+07,2.18E+05,1.11E+06,2.26E+05,0.00E+00,0.00E+00,1.11E+07,6.58E+06,4.51E+06,2.23E+07,2.69E+06,1.08E+07,0.00E+00,0.00E+00,7.56E+06,,24.5,13,23.85,23.6,0,0,23.23,23.14,23.02,23.67,23.31,23.52,25.21,15.89,23.53
H14_25_32 K25me3,0,0,0,0,0,0,0,0,0,0,0,0,0.00007,0.000004,0,,0.00E+00,0.00E+00,0.00E+00,0.00E+00,0.00E+00,0.00E+00,0.00E+00,0.00E+00,0.00E+00,0.00E+00,0.00E+00,0.00E+00,6.65E+05,1.03E+05,0.00E+00,,24,12.5,23.35,23.1,0,0,22.73,22.64,22.52,23.17,22.81,23.02,24.71,15.39,23.03
H14_25_32 K25ac,0,0.000261,0,0,0,0,0,0,0.000221,0,0,0.000248,0,0,0,,0.00E+00,8.49E+06,0.00E+00,0.00E+00,0.00E+00,0.00E+00,0.00E+00,0.00E+00,8.86E+06,0.00E+00,0.00E+00,6.22E+06,0.00E+00,0.00E+00,0.00E+00,,0,27.97,0,0,0,0,0,0,26.34,0,0,26.69,0,0,0
H14_25_32 K31ac,0,0.000069,0,0,0,0,0,0,0.000053,0,0,0.000057,0,0,0,,0.00E+00,2.26E+06,0.00E+00,0.00E+00,0.00E+00,0.00E+00,0.00E+00,0.00E+00,2.12E+06,0.00E+00,0.00E+00,1.42E+06,0.00E+00,0.00E+00,0.00E+00,,0,27.97,0,0,0,0,0,0,26.34,0,0,26.69,0,0,0
KASGPPVSELITKAVAASKER(H12_33_53),,,,,,,,,,,,,,,,,,,,,,,,,,,,,,,,,,,,,,,,,,,,,,,
H12_33_53 unmod,1,1,1,1,0,0,1,1,1,1,0,1,0,0,0,,9.17E+07,3.36E+07,1.26E+07,9.34E+06,0.00E+00,0.00E+00,2.54E+08,2.14E+06,2.47E+07,2.21E+08,0.00E+00,6.18E+06,0.00E+00,0.00E+00,0.00E+00,,57.84,57.84,57.64,57.66,57.67,57.67,57.59,57.71,57.67,57.86,57.67,57.71,57.67,57.67,57.67
H12_33_53 K33me1,0,0,0,0,0,0,0,0,0,0,0,0,0,0,0,,0.00E+00,0.00E+00,0.00E+00,0.00E+00,0.00E+00,0.00E+00,0.00E+00,0.00E+00,0.00E+00,0.00E+00,0.00E+00,0.00E+00,0.00E+00,0.00E+00,0.00E+00,,0,0,0,0,0,0,0,0,0,0,0,0,0,0,0
H12_33_53 K33me2,0,0,0,0,0,0,0,0,0,0,0,0,0,0,0,,0.00E+00,0.00E+00,0.00E+00,0.00E+00,0.00E+00,0.00E+00,0.00E+00,0.00E+00,0.00E+00,0.00E+00,0.00E+00,0.00E+00,0.00E+00,0.00E+00,0.00E+00,,0,0,0,0,0,0,0,0,0,0,0,0,0,0,0
H12_33_53 K33me3,0,0,0,0,0,0,0,0,0,0,0,0,0,0,0,,0.00E+00,0.00E+00,0.00E+00,0.00E+00,0.00E+00,0.00E+00,0.00E+00,0.00E+00,0.00E+00,0.00E+00,0.00E+00,0.00E+00,0.00E+00,0.00E+00,0.00E+00,,0,0,0,0,0,0,0,0,0,0,0,0,0,0,0
H12_33_53 K33ac,0,0,0,0,0,0,0,0,0,0,0,0,0,0,0,,0.00E+00,0.00E+00,0.00E+00,0.00E+00,0.00E+00,0.00E+00,0.00E+00,0.00E+00,0.00E+00,0.00E+00,0.00E+00,0.00E+00,0.00E+00,0.00E+00,0.00E+00,,0,0,0,0,0,0,0,0,0,0,0,0,0,0,0
KATGPPVSELITKAVAASKER(H15_36_56),,,,,,,,,,,,,,,,,,,,,,,,,,,,,,,,,,,,,,,,,,,,,,,
H15_36_56 unmod,0.472735,0.35629,0.325158,0.502899,0.193018,0.432809,0.297626,0.15624,0.329545,0.261952,0.301603,0.193803,0.603486,0.447544,0.439675,,5.55E+08,6.92E+08,4.47E+08,3.95E+08,3.53E+08,4.01E+08,5.44E+08,2.04E+08,6.93E+08,4.75E+08,4.38E+08,1.87E+08,4.65E+08,6.52E+08,9.79E+08,,42.04,42.15,41.95,41.82,41.36,41.35,41.28,41.41,41.29,41.19,41.24,41.79,41.74,41.67,41.03
H15_36_56 K36me1,0,0,0.007615,0,0,0,0.008377,0,0,0,0.000022,0,0,0,0.000865,,0.00E+00,0.00E+00,1.05E+07,0.00E+00,0.00E+00,0.00E+00,1.53E+07,0.00E+00,0.00E+00,0.00E+00,3.17E+04,0.00E+00,0.00E+00,0.00E+00,1.93E+06,,43.72,43.96,43.6,0,0,0,43.12,43.07,43.14,0,42.94,43.41,0,0,42.8
H15_36_56 K36me2,0.284865,0.276524,0.364991,0.322695,0.339216,0.469728,0.410672,0.509048,0.348215,0.390619,0.330569,0.363571,0.381997,0.220407,0.311266,,3.34E+08,5.37E+08,5.02E+08,2.54E+08,6.20E+08,4.35E+08,7.51E+08,6.64E+08,7.32E+08,7.08E+08,4.80E+08,3.51E+08,2.94E+08,3.21E+08,6.93E+08,,42.04,42.15,41.91,41.82,41.32,41.39,41.28,41.41,41.37,41.27,41.28,41.75,41.74,41.67,41.03
H15_36_56 K36me3,0.2424,0.319786,0.265582,0.166335,0.345991,0.097463,0.259879,0.334712,0.32224,0.347429,0.367806,0.401402,0.014517,0.332049,0.192218,,2.84E+08,6.21E+08,3.65E+08,1.31E+08,6.32E+08,9.03E+07,4.75E+08,4.36E+08,6.78E+08,6.30E+08,5.35E+08,3.87E+08,1.12E+07,4.84E+08,4.28E+08,,42.08,42.19,41.91,41.82,41.32,41.43,41.32,41.45,41.33,41.31,41.28,41.79,41.78,41.7,41.03
H15_36_56 K36ac,0,0.0474,0.036653,0.008072,0.121776,0,0.023446,0,0,0,0,0.041223,0,0,0.055976,,0.00E+00,9.21E+07,5.04E+07,6.35E+06,2.22E+08,0.00E+00,4.29E+07,0.00E+00,0.00E+00,0.00E+00,0.00E+00,3.98E+07,0.00E+00,0.00E+00,1.25E+08,,0,42.31,42.07,41.94,41.36,0,41.51,0,0,0,0,41.95,0,0,41.14
unmod(H1_1_35),,,,,,,,,,,,,,,,,,,,,,,,,,,,,,,,,,,,,,,,,,,,,,,
H1_1_35 H12.SETAPAAPAAAPPAEKAPVKKKAAKKAGGTPR,0,0,0,0,0,0,0,0,0,0,0,0,0,0,0,,0.00E+00,0.00E+00,0.00E+00,0.00E+00,0.00E+00,0.00E+00,0.00E+00,0.00E+00,0.00E+00,0.00E+00,0.00E+00,0.00E+00,0.00E+00,0.00E+00,0.00E+00,,0,0,0,0,0,0,0,0,0,0,0,0,0,0,0
H1_1_35 H13.SETAPLAPTIPAPAEKTPVKKKAKKAGATAGKR,0,0,0,0,0,0,0,0,0,0,0,0,0,0,0,,0.00E+00,0.00E+00,0.00E+00,0.00E+00,0.00E+00,0.00E+00,0.00E+00,0.00E+00,0.00E+00,0.00E+00,0.00E+00,0.00E+00,0.00E+00,0.00E+00,0.00E+00,,0,0,0,0,0,0,0,0,0,0,0,0,0,0,0
H1_1_35 H14.SETAPAAPAAPAPAEKTPVKKKAR,0,1,0,0,0,1,0,0,0,0,0,0,1,0,0,,0.00E+00,7.01E+06,0.00E+00,0.00E+00,0.00E+00,2.40E+06,0.00E+00,0.00E+00,0.00E+00,0.00E+00,0.00E+00,0.00E+00,1.17E+07,0.00E+00,0.00E+00,,27.87,28.95,27.87,27.87,27.87,27.87,27.87,27.87,27.87,27.87,27.87,27.87,28.6,27.87,27.87
H1_1_35 H15.SETAPAETATPAPVEKSPAKKKATKKAAGAGAAKR,0,0,0,0,0,0,0,0,0,0,0,0,0,0,0,,0.00E+00,0.00E+00,0.00E+00,0.00E+00,0.00E+00,0.00E+00,0.00E+00,0.00E+00,0.00E+00,0.00E+00,0.00E+00,0.00E+00,0.00E+00,0.00E+00,0.00E+00,,0,0,0,0,0,0,0,0,0,0,0,0,0,0,0
unmod(H1_54_81),,,,,,,,,,,,,,,,,,,,,,,,,,,,,,,,,,,,,,,,,,,,,,,
H1_54_81 H11.GGVSLAALKKALAAAGYDVEKNNSR,0,0,0,0,0,0,0,0,0,0,0,0,0,0,0,,0.00E+00,0.00E+00,0.00E+00,0.00E+00,0.00E+00,0.00E+00,0.00E+00,0.00E+00,0.00E+00,0.00E+00,0.00E+00,0.00E+00,0.00E+00,0.00E+00,0.00E+00,,0,0,0,0,0,0,0,0,0,0,0,0,0,0,0
H1_54_81 H1v234.SGVSLAALKKALAAAGYDVEKNNSR,0,0,0,0,0,0,0,0,0,0,0,0,0,0,0,,0.00E+00,0.00E+00,0.00E+00,0.00E+00,0.00E+00,0.00E+00,0.00E+00,0.00E+00,0.00E+00,0.00E+00,0.00E+00,0.00E+00,0.00E+00,0.00E+00,0.00E+00,,0,0,0,0,0,0,0,0,0,0,0,0,0,0,0
H1_54_81 H15.NGLSLAALKKALAAGGYDVEKNNSR,0,0,0,0,0,0,0,0,0,0,0,0,0,0,0,,0.00E+00,0.00E+00,0.00E+00,0.00E+00,0.00E+00,0.00E+00,0.00E+00,0.00E+00,0.00E+00,0.00E+00,0.00E+00,0.00E+00,0.00E+00,0.00E+00,0.00E+00,,0,0,0,0,0,0,0,0,0,0,0,0,0,0,0
H1_54_81 H1T.VGMSLVALKKALAAAGYDVEKNNSR,0,0,0,0,0,0,0,0,0,0,0,0,0,0,0,,0.00E+00,0.00E+00,0.00E+00,0.00E+00,0.00E+00,0.00E+00,0.00E+00,0.00E+00,0.00E+00,0.00E+00,0.00E+00,0.00E+00,0.00E+00,0.00E+00,0.00E+00,,0,0,0,0,0,0,0,0,0,0,0,0,0,0,0
KGNYAER(H2A1_36_42),,,,,,,,,,,,,,,,,,,,,,,,,,,,,,,,,,,,,,,,,,,,,,,
H2A1_36_42 unmod,0.996323,1,0.998463,0.998439,1,1,0.999889,1,1,0.999296,0.99945,1,1,1,1,,4.05E+10,5.00E+10,4.32E+10,2.89E+10,2.80E+10,3.42E+10,3.30E+10,4.13E+10,5.74E+10,4.49E+10,2.70E+10,3.80E+10,3.13E+10,2.90E+10,4.16E+10,,29.25,29.57,29.26,29.17,28.96,28.57,28.5,28.27,28.11,28.63,28.36,28.43,29.31,28.86,28.38
H2A1_36_42 K36ac,0,0,0,0,0,0,0.000111,0,0,0.000007,0,0,0,0,0,,0.00E+00,0.00E+00,0.00E+00,0.00E+00,0.00E+00,0.00E+00,3.66E+06,0.00E+00,0.00E+00,3.32E+05,0.00E+00,0.00E+00,0.00E+00,0.00E+00,0.00E+00,,0,0,0,0,0,0,28.58,0,0,28.83,0,0,0,0,0
H2A1_36_42 Y39ac,0.003677,0,0.001537,0.001561,0,0,0,0,0,0.000697,0.00055,0,0,0,0,,1.50E+08,0.00E+00,6.65E+07,4.51E+07,0.00E+00,0.00E+00,0.00E+00,0.00E+00,0.00E+00,3.13E+07,1.49E+07,0.00E+00,0.00E+00,0.00E+00,0.00E+00,,31.55,0,31.53,31.46,0,0,0,0,0,30.55,30.17,0,0,0,0
KGNYSER(H2A3_36_42),,,,,,,,,,,,,,,,,,,,,,,,,,,,,,,,,,,,,,,,,,,,,,,
H2A3_36_42 unmod,0.997522,0.998309,0.997773,0.999063,0.998009,0.999116,0.998796,0.997488,1,0.99821,0.996953,0.999017,0.999216,0.998795,0.99658,,6.11E+09,6.29E+09,6.53E+09,4.29E+09,7.69E+09,5.12E+09,5.09E+09,6.14E+09,7.45E+09,6.47E+09,7.04E+09,4.72E+09,4.76E+09,7.96E+09,6.22E+09,,28.47,28.83,28.51,28.35,28.1,27.79,27.6,27.32,27.33,27.77,27.5,27.56,28.48,28.08,27.56
H2A3_36_42 K36ac,0.002478,0.001691,0.002227,0.000937,0,0.000884,0.001204,0.002512,0,0.00179,0.000793,0.000983,0.000784,0.000667,0.003359,,1.52E+07,1.07E+07,1.46E+07,4.03E+06,0.00E+00,4.53E+06,6.13E+06,1.54E+07,0.00E+00,1.16E+07,5.60E+06,4.64E+06,3.73E+06,5.31E+06,2.10E+07,,28.59,28.95,28.63,28.43,0,27.87,27.72,27.44,0,27.89,27.58,27.68,28.6,28.16,27.68
H2A3_36_42 Y39ac,0,0,0,0,0.001991,0,0,0,0,0,0.002254,0,0,0.000538,0.000061,,0.00E+00,0.00E+00,0.00E+00,0.00E+00,1.53E+07,0.00E+00,0.00E+00,0.00E+00,0.00E+00,0.00E+00,1.59E+07,0.00E+00,0.00E+00,4.29E+06,3.80E+05,,0,0,0,0,29.28,0,0,0,0,0,28.68,0,0,29.1,28.7
KGHYAER(H2AX_36_42),,,,,,,,,,,,,,,,,,,,,,,,,,,,,,,,,,,,,,,,,,,,,,,
H2AX_36_42 unmod,0.995564,0.958721,0.978855,0.964432,0.957244,0.986617,0.938941,0.975771,0.97945,0.942688,0.947817,0.955455,0.979783,0.960237,0.971001,,2.94E+09,4.31E+09,4.77E+09,3.14E+09,2.47E+09,3.25E+09,2.33E+09,4.41E+09,4.91E+09,2.94E+09,2.11E+09,2.94E+09,3.23E+09,2.24E+09,4.28E+09,,25.8,26.27,25.79,25.58,25.16,25.19,24.77,24.48,24.52,25.13,24.73,24.82,25.71,25.43,24.83
H2AX_36_42 K36ac,0,0,0,0,0,0,0,0,0,0,0,0,0,0,0,,0.00E+00,0.00E+00,0.00E+00,0.00E+00,0.00E+00,0.00E+00,0.00E+00,0.00E+00,0.00E+00,0.00E+00,0.00E+00,0.00E+00,0.00E+00,0.00E+00,0.00E+00,,0,0,0,0,0,0,0,0,0,0,0,0,0,0,0
H2AX_36_42 Y39ac,0.004436,0.041279,0.021145,0.035568,0.042756,0.013383,0.061059,0.024229,0.02055,0.057312,0.052183,0.044545,0.020217,0.039763,0.028999,,1.31E+07,1.85E+08,1.03E+08,1.16E+08,1.10E+08,4.41E+07,1.52E+08,1.09E+08,1.03E+08,1.79E+08,1.16E+08,1.37E+08,6.65E+07,9.26E+07,1.28E+08,,26.63,31.27,30.95,39.16,30.65,30.19,30.22,30.08,29.89,30.4,30.06,30.21,39.26,30.53,29.99
GKQGGKAR(H2A1_4_11),,,,,,,,,,,,,,,,,,,,,,,,,,,,,,,,,,,,,,,,,,,,,,,
H2A1_4_11 unmod,0.682569,0.9075,0.90468,0.924211,0.909321,0.930727,0.691551,0.908887,0.90716,0.688159,0.912121,0.913541,0.934327,0.911051,0.902177,,4.04E+10,5.83E+10,6.22E+10,3.61E+10,4.43E+10,3.83E+10,4.79E+10,5.69E+10,6.81E+10,4.78E+10,4.82E+10,4.45E+10,3.72E+10,5.56E+10,5.18E+10,,23.43,23.81,23.45,23.16,22.69,22.72,22.16,22.02,22.02,22.56,22.26,22.4,23.15,22.84,22.44
H2A1_4_11 K5ac,0.258519,0.073973,0.075694,0.059219,0.07276,0.05432,0.252551,0.073306,0.074532,0.255424,0.069597,0.067682,0.053978,0.070753,0.077046,,1.53E+10,4.75E+09,5.21E+09,2.31E+09,3.54E+09,2.23E+09,1.75E+10,4.59E+09,5.60E+09,1.77E+10,3.67E+09,3.30E+09,2.15E+09,4.32E+09,4.42E+09,,23.46,23.85,23.49,23.16,22.73,22.76,22.2,22.06,22.02,22.6,22.3,22.44,23.19,22.84,22.44
H2A1_4_11 K9ac,0.016684,0.006097,0.006218,0.004797,0.005924,0.004199,0.015916,0.005794,0.006025,0.016123,0.005353,0.00551,0.004215,0.005599,0.006208,,9.88E+08,3.91E+08,4.28E+08,1.87E+08,2.89E+08,1.73E+08,1.10E+09,3.63E+08,4.52E+08,1.12E+09,2.83E+08,2.68E+08,1.68E+08,3.42E+08,3.56E+08,,23.46,23.85,23.49,23.16,22.73,22.76,22.2,22.06,22.06,22.6,22.3,22.44,23.19,22.88,22.44
H2A1_4_11 K5acK9ac,0.004663,0.001463,0.001405,0.000966,0.001677,0.001368,0.004748,0.001664,0.001713,0.005307,0.001884,0.001231,0.001019,0.001807,0.001883,,2.76E+08,9.39E+07,9.67E+07,3.77E+07,8.17E+07,5.62E+07,3.29E+08,1.04E+08,1.29E+08,3.68E+08,9.95E+07,6.00E+07,4.05E+07,1.10E+08,1.08E+08,,23.5,23.93,23.53,23.24,22.77,22.8,22.24,22.14,22.1,22.68,22.34,22.48,23.23,22.92,22.52
H2A1_4_11 K9me1,0.034035,0.009133,0.01064,0.009751,0.008088,0.007757,0.033006,0.008908,0.009291,0.031142,0.009152,0.010001,0.005365,0.009411,0.010665,,2.02E+09,5.86E+08,7.32E+08,3.81E+08,3.94E+08,3.19E+08,2.29E+09,5.58E+08,6.98E+08,2.16E+09,4.83E+08,4.87E+08,2.13E+08,5.75E+08,6.12E+08,,23.46,23.85,23.49,23.2,22.77,22.76,22.2,22.06,22.06,22.64,22.34,22.44,23.23,22.88,22.48
H2A1_4_11 K5me1,0.00353,0.001834,0.001362,0.001055,0.002229,0.001628,0.002227,0.001441,0.001279,0.003845,0.001893,0.002035,0.001096,0.001379,0.00202,,2.09E+08,1.18E+08,9.37E+07,4.12E+07,1.09E+08,6.69E+07,1.54E+08,9.02E+07,9.61E+07,2.67E+08,1.00E+08,9.91E+07,4.36E+07,8.42E+07,1.16E+08,,29.57,29.89,29.61,26.74,29.24,28.85,28.78,28.58,28.43,28.91,28.64,28.7,26.86,29.14,28.66
GKQGGKVR(H2AJ_4_11),,,,,,,,,,,,,,,,,,,,,,,,,,,,,,,,,,,,,,,,,,,,,,,
H2AJ_4_11 unmod,0.916126,0.89189,0.938876,0.942233,0.892654,0.919493,0.913021,0.913294,0.945897,0.89135,0.918045,0.870628,0.950703,0.900101,0.895858,,1.28E+09,1.01E+09,1.17E+09,8.60E+08,1.02E+09,1.04E+09,1.49E+09,8.86E+08,8.16E+08,1.16E+09,7.32E+08,5.56E+08,7.51E+08,6.93E+08,9.39E+08,,41.77,41.92,41.64,41.5,41.05,41.04,41.04,41.1,41.01,41,40.93,41.48,41.42,41.35,40.75
H2AJ_4_11 K5ac,0,0,0,0,0,0,0,0,0,0,0,0,0,0,0,,0.00E+00,0.00E+00,0.00E+00,0.00E+00,0.00E+00,0.00E+00,0.00E+00,0.00E+00,0.00E+00,0.00E+00,0.00E+00,0.00E+00,0.00E+00,0.00E+00,0.00E+00,,0,0,0,0,0,0,0,0,0,0,0,0,0,0,0
H2AJ_4_11 K9ac,0,0,0,0,0,0,0,0,0,0,0,0,0,0,0,,0.00E+00,0.00E+00,0.00E+00,0.00E+00,0.00E+00,0.00E+00,0.00E+00,0.00E+00,0.00E+00,0.00E+00,0.00E+00,0.00E+00,0.00E+00,0.00E+00,0.00E+00,,0,0,0,0,0,0,0,0,0,0,0,0,0,0,0
H2AJ_4_11 K5acK9ac,0,0,0,0,0,0,0,0,0,0,0,0,0,0,0,,0.00E+00,0.00E+00,0.00E+00,0.00E+00,0.00E+00,0.00E+00,0.00E+00,0.00E+00,0.00E+00,0.00E+00,0.00E+00,0.00E+00,0.00E+00,0.00E+00,0.00E+00,,0,0,0,0,0,0,0,0,0,0,0,0,0,0,0
H2AJ_4_11 K9me1,0.062588,0.000108,0.000061,0.002304,0.000107,0.000081,0.064544,0.082295,0.001049,0.080651,0.000082,0.116605,0.041623,0.088353,0.081474,,8.74E+07,1.22E+05,7.61E+04,2.10E+06,1.23E+05,9.12E+04,1.05E+08,7.98E+07,9.05E+05,1.05E+08,6.53E+04,7.45E+07,3.29E+07,6.80E+07,8.54E+07,,46.54,46.74,46.42,44.82,45.84,46.04,45.81,46.1,44.62,45.94,45.8,46.25,46.35,46.16,45.67
H2AJ_4_11 K5me1,0.021286,0.108002,0.061063,0.055462,0.107239,0.080426,0.022435,0.004412,0.053054,0.028,0.081873,0.012767,0.007674,0.011546,0.022668,,2.97E+07,1.22E+08,7.60E+07,5.07E+07,1.23E+08,9.11E+07,3.67E+07,4.28E+06,4.58E+07,3.63E+07,6.53E+07,8.16E+06,6.07E+06,8.89E+06,2.38E+07,,47.38,46.74,46.42,46.34,45.84,46.04,46.69,47.02,46.1,46.87,45.8,47.1,47.16,47.01,46.55
GKTGGKAR(H2AX_4_11),,,,,,,,,,,,,,,,,,,,,,,,,,,,,,,,,,,,,,,,,,,,,,,
H2AX_4_11 unmod,0.075976,0.102473,0.254724,0.209429,0.074126,0.221245,0.087787,0.274242,0.10099,0.082077,0.08352,0.101559,0.232612,0.090197,0.262696,,2.10E+09,3.69E+09,4.90E+09,2.78E+09,2.66E+09,2.88E+09,2.53E+09,4.62E+09,4.46E+09,2.44E+09,2.68E+09,2.81E+09,2.85E+09,2.62E+09,4.30E+09,,24.93,25.32,24.92,24.6,24.17,24.24,23.7,23.49,23.49,24.11,23.7,23.87,24.71,24.44,23.96
H2AX_4_11 K5ac,0.0254,0.000009,0.000022,0.011963,0.000006,0.000013,0.027768,0.020876,0.008211,0.027449,0.000007,0.007856,0.01191,0.000007,0.021896,,7.03E+08,3.21E+05,4.25E+05,1.59E+08,2.26E+05,1.65E+05,7.99E+08,3.52E+08,3.62E+08,8.17E+08,2.14E+05,2.17E+08,1.46E+08,2.12E+05,3.59E+08,,24.97,25.36,24.96,24.63,24.21,24.28,23.7,23.53,23.53,24.11,23.74,23.91,24.75,24.48,23.96
H2AX_4_11 K9ac,0.001903,0.008907,0.022053,0.001086,0.006277,0.012682,0.002005,0.00186,0.000811,0.002024,0.006664,0.000741,0.001058,0.007276,0.001966,,5.27E+07,3.21E+08,4.25E+08,1.44E+07,2.26E+08,1.65E+08,5.77E+07,3.14E+07,3.58E+07,6.03E+07,2.14E+08,2.05E+07,1.30E+07,2.11E+08,3.22E+07,,24.97,25.36,24.96,24.63,24.21,24.28,23.7,23.53,23.53,24.11,23.74,23.91,24.75,24.48,23.96
H2AX_4_11 K5acK9ac,0.000866,0.000585,0.002191,0.000305,0.000162,0.000258,0.000804,0.001946,0.000355,0.000971,0.000175,0.000539,0.00008,0.000299,0.002512,,2.40E+07,2.11E+07,4.22E+07,4.05E+06,5.81E+06,3.36E+06,2.31E+07,3.28E+07,1.56E+07,2.89E+07,5.62E+06,1.49E+07,9.85E+05,8.68E+06,4.11E+07,,25.01,25.36,24.65,24.67,24.25,24.32,23.74,23.53,23.53,24.15,23.74,23.91,24.79,24.48,23.57
H2AX_4_11 K9me1,0.714158,0.710482,0.57084,0.612425,0.732981,0.608858,0.707699,0.000701,0.708776,0.702,0.730581,0.708952,0.601873,0.720071,0.558773,,1.98E+10,2.56E+10,1.10E+10,8.13E+09,2.63E+10,7.93E+09,2.04E+10,1.18E+07,3.13E+10,2.09E+10,2.35E+10,1.96E+10,7.38E+09,2.09E+10,9.15E+09,,27.73,28.13,27.77,27.57,27.31,27.05,26.82,26.5,26.46,26.99,26.63,26.81,27.73,27.29,26.89
H2AX_4_11 K5me1,0.181697,0.177544,0.15017,0.164793,0.186447,0.156945,0.173937,0.700375,0.180857,0.185479,0.179054,0.180353,0.152467,0.18215,0.152157,,5.03E+09,6.39E+09,2.89E+09,2.19E+09,6.70E+09,2.04E+09,5.00E+09,1.18E+10,7.98E+09,5.52E+09,5.75E+09,4.99E+09,1.87E+09,5.29E+09,2.49E+09,,27.73,28.13,27.77,27.57,27.31,27.05,26.82,26.5,26.46,26.99,26.63,26.81,27.73,27.29,26.89
SGRGKQGGKAR(H2A1_1_11),,,,,,,,,,,,,,,,,,,,,,,,,,,,,,,,,,,,,,,,,,,,,,,
H2A1_1_11 unmod,0.03074,0.085684,0.177505,0.08721,0.071911,0.10527,0.017057,0.111929,0.096435,0.015927,0.090418,0.08211,0.076396,0.08338,0.097633,,2.57E+07,5.67E+07,1.20E+08,7.00E+07,4.93E+07,8.87E+07,1.49E+07,7.84E+07,3.87E+07,1.45E+07,5.37E+07,3.67E+07,5.73E+07,5.05E+07,7.77E+07,,30.78,30.05,29.81,29.65,29.44,27.68,27.53,28.78,28.59,27.66,28.76,28.86,29.74,29.26,28.85
H2A1_1_11 S1ac,0.96926,0.914316,0.822495,0.884862,0.928089,0.89473,0.982943,0.888071,0.903565,0.984073,0.909582,0.91789,0.85929,0.91662,0.902367,,8.11E+08,6.05E+08,5.55E+08,7.11E+08,6.36E+08,7.54E+08,8.61E+08,6.22E+08,3.63E+08,8.94E+08,5.40E+08,4.11E+08,6.44E+08,5.55E+08,7.18E+08,,37.29,37.59,38.64,38.49,36.95,37.97,36.73,36.78,36.48,36.75,36.57,36.98,38.59,37.05,36.45
H2A1_1_11 K5ac,0,0,0,0.027928,0,0,0,0,0,0,0,0,0.064314,0,0,,0.00E+00,0.00E+00,0.00E+00,2.24E+07,0.00E+00,0.00E+00,0.00E+00,0.00E+00,0.00E+00,0.00E+00,0.00E+00,0.00E+00,4.82E+07,0.00E+00,0.00E+00,,0,0,0,29.29,0,0,0,0,0,0,0,0,29.31,0,0
AGGKAGKDSGKAKAKAVSR(H2AV_1_19),,,,,,,,,,,,,,,,,,,,,,,,,,,,,,,,,,,,,,,,,,,,,,,
H2AV_1_19 unmod,0.802286,1,0.981218,1,1,1,0.076821,1,0.78783,0,0.992978,0.933556,0.949077,0.968627,1,,6.89E+07,9.66E+07,8.05E+07,3.33E+07,9.50E+07,5.34E+07,8.62E+06,1.09E+08,6.18E+07,0.00E+00,7.42E+07,1.27E+08,7.62E+07,5.44E+07,2.76E+07,,29.02,29.34,29.06,28.98,28.81,28.26,29.05,28.03,27.88,28.28,28.05,28.07,29.03,28.59,28.15
H2AV_1_19 K4ac,0.030757,0,0.006261,0,0,0,0,0,0.178933,0,0.004681,0.033842,0.041307,0.02696,0,,2.64E+06,0.00E+00,5.13E+05,0.00E+00,0.00E+00,0.00E+00,0.00E+00,0.00E+00,1.40E+07,0.00E+00,3.50E+05,4.61E+06,3.31E+06,1.51E+06,0.00E+00,,29.02,0,29.1,0,0,0,28.58,0,27.92,27.81,28.09,28.11,29.07,28.63,0
H2AV_1_19 K7ac,0,0,0,0,0,0,0,0,0,0,0,0,0,0,0,,0.00E+00,0.00E+00,0.00E+00,0.00E+00,0.00E+00,0.00E+00,0.00E+00,0.00E+00,0.00E+00,0.00E+00,0.00E+00,0.00E+00,0.00E+00,0.00E+00,0.00E+00,,28.55,0,28.63,0,0,0,28.58,0,27.41,27.81,27.62,27.6,28.6,28.12,0
H2AV_1_19 K11ac,0.00152,0,0.000125,0,0,0,0.026907,0,0,0.008303,0.000023,0.000326,0,0.000044,0,,1.30E+05,0.00E+00,1.03E+04,0.00E+00,0.00E+00,0.00E+00,3.02E+06,0.00E+00,0.00E+00,4.47E+05,1.75E+03,4.44E+04,0.00E+00,2.48E+03,0.00E+00,,29.06,0,29.1,0,0,0,29.05,0,27.41,28.32,28.09,28.07,28.6,28.59,0
H2AV_1_19 K15ac,0.150515,0,0.012396,0,0,0,0,0,0.033237,0.821971,0.002317,0.032276,0,0.004369,0,,1.29E+07,0.00E+00,1.02E+06,0.00E+00,0.00E+00,0.00E+00,0.00E+00,0.00E+00,2.61E+06,4.43E+07,1.73E+05,4.40E+06,0.00E+00,2.45E+05,0.00E+00,,29.06,0,29.1,0,0,0,28.58,0,27.92,28.32,28.09,28.07,28.6,28.59,0
H2AV_1_19 K4acK7ac,0,0,0,0,0,0,0,0,0,0,0,0,0.003205,0,0,,0.00E+00,0.00E+00,0.00E+00,0.00E+00,0.00E+00,0.00E+00,0.00E+00,0.00E+00,0.00E+00,0.00E+00,0.00E+00,0.00E+00,2.57E+05,0.00E+00,0.00E+00,,28.59,0,0,0,0,0,0,0,0,27.85,0,0,29.07,0,0
H2AV_1_19 K4acK11ac,0,0,0,0,0,0,0,0,0,0,0,0,0,0,0,,0.00E+00,0.00E+00,0.00E+00,0.00E+00,0.00E+00,0.00E+00,0.00E+00,0.00E+00,0.00E+00,0.00E+00,0.00E+00,0.00E+00,0.00E+00,0.00E+00,0.00E+00,,28.59,0,0,0,0,0,0,0,0,27.85,0,0,28.6,0,0
H2AV_1_19 K4acK15ac,0,0,0,0,0,0,0,0,0,0,0,0,0.006411,0,0,,0.00E+00,0.00E+00,0.00E+00,0.00E+00,0.00E+00,0.00E+00,0.00E+00,0.00E+00,0.00E+00,0.00E+00,0.00E+00,0.00E+00,5.14E+05,0.00E+00,0.00E+00,,28.59,0,0,0,0,0,0,0,0,27.85,0,0,29.07,0,0
H2AV_1_19 K7acK11ac,0,0,0,0,0,0,0,0,0,0,0,0,0,0,0,,0.00E+00,0.00E+00,0.00E+00,0.00E+00,0.00E+00,0.00E+00,0.00E+00,0.00E+00,0.00E+00,0.00E+00,0.00E+00,0.00E+00,0.00E+00,0.00E+00,0.00E+00,,28.59,0,0,0,0,0,0,0,0,27.85,0,0,28.6,0,0
H2AV_1_19 K7acK15ac,0.000149,0,0,0,0,0,0,0,0,0.001697,0,0,0,0,0,,1.28E+04,0.00E+00,0.00E+00,0.00E+00,0.00E+00,0.00E+00,0.00E+00,0.00E+00,0.00E+00,9.15E+04,0.00E+00,0.00E+00,0.00E+00,0.00E+00,0.00E+00,,29.06,0,0,0,0,0,0,0,0,28.32,0,0,28.6,0,0
H2AV_1_19 K11acK15ac,0.014773,0,0,0,0,0,0,0,0,0.168029,0,0,0,0,0,,1.27E+06,0.00E+00,0.00E+00,0.00E+00,0.00E+00,0.00E+00,0.00E+00,0.00E+00,0.00E+00,9.05E+06,0.00E+00,0.00E+00,0.00E+00,0.00E+00,0.00E+00,,29.06,0,0,0,0,0,0,0,0,28.32,0,0,28.6,0,0
H2AV_1_19 K7acK11acK15ac,0,0,0,0,0,0,0.755733,0,0,0,0,0,0,0,0,,0.00E+00,0.00E+00,0.00E+00,0.00E+00,0.00E+00,0.00E+00,8.48E+07,0.00E+00,0.00E+00,0.00E+00,0.00E+00,0.00E+00,0.00E+00,0.00E+00,0.00E+00,,0,0,0,0,0,0,29.05,0,0,0,0,0,0,0,0
H2AV_1_19 K4acK11acK15ac,0,0,0,0,0,0,0,0,0,0,0,0,0,0,0,,0.00E+00,0.00E+00,0.00E+00,0.00E+00,0.00E+00,0.00E+00,0.00E+00,0.00E+00,0.00E+00,0.00E+00,0.00E+00,0.00E+00,0.00E+00,0.00E+00,0.00E+00,,0,0,0,0,0,0,28.66,0,0,0,0,0,0,0,0
H2AV_1_19 K4acK7acK15ac,0,0,0,0,0,0,0.015747,0,0,0,0,0,0,0,0,,0.00E+00,0.00E+00,0.00E+00,0.00E+00,0.00E+00,0.00E+00,1.77E+06,0.00E+00,0.00E+00,0.00E+00,0.00E+00,0.00E+00,0.00E+00,0.00E+00,0.00E+00,,0,0,0,0,0,0,29.25,0,0,0,0,0,0,0,0
H2AV_1_19 K4acK7acK11ac,0,0,0,0,0,0,0.124792,0,0,0,0,0,0,0,0,,0.00E+00,0.00E+00,0.00E+00,0.00E+00,0.00E+00,0.00E+00,1.40E+07,0.00E+00,0.00E+00,0.00E+00,0.00E+00,0.00E+00,0.00E+00,0.00E+00,0.00E+00,,0,0,0,0,0,0,29.13,0,0,0,0,0,0,0,0
H2AV_1_19 K4acK7acK11acK15ac,0,0,0,0,0,0,0,0,0,0,0,0,0,0,0,,0.00E+00,0.00E+00,0.00E+00,0.00E+00,0.00E+00,0.00E+00,0.00E+00,0.00E+00,0.00E+00,0.00E+00,0.00E+00,0.00E+00,0.00E+00,0.00E+00,0.00E+00,,0,0,0,0,0,0,0,0,0,0,0,0,0,0,0
AGGKAGKDSGKAKTKAVSR(H2AZ_1_19),,,,,,,,,,,,,,,,,,,,,,,,,,,,,,,,,,,,,,,,,,,,,,,
H2AZ_1_19 unmod,1,1,1,1,0.239724,0.698851,0,1,0.055717,0.381264,0.221792,1,1,1,1,,5.53E+06,6.84E+06,6.10E+06,6.99E+06,1.10E+07,1.96E+07,0.00E+00,3.79E+05,1.28E+06,1.49E+06,8.19E+06,1.38E+06,3.66E+07,8.07E+06,2.64E+06,,39.59,45.79,45.51,44.94,44.05,43.89,43.89,45.34,44.3,44.15,44.05,39.16,39.1,39.02,44.75
H2AZ_1_19 K4ac,0,0,0,0,0,0,0,0,0,0,0,0,0,0,0,,0.00E+00,0.00E+00,0.00E+00,0.00E+00,0.00E+00,0.00E+00,0.00E+00,0.00E+00,0.00E+00,0.00E+00,0.00E+00,0.00E+00,0.00E+00,0.00E+00,0.00E+00,,0,0,0,0,43.33,43.17,43.36,0,43.67,43.36,43.34,0,0,0,0
H2AZ_1_19 K7ac,0,0,0,0,0,0,0,0,0,0,0,0,0,0,0,,0.00E+00,0.00E+00,0.00E+00,0.00E+00,0.00E+00,0.00E+00,0.00E+00,0.00E+00,0.00E+00,0.00E+00,0.00E+00,0.00E+00,0.00E+00,0.00E+00,0.00E+00,,0,0,0,0,43.33,43.17,43.36,0,43.67,43.36,43.34,0,0,0,0
H2AZ_1_19 K11ac,0,0,0,0,0.620997,0.003011,0.354993,0,0.140623,0.495553,0.450095,0,0,0,0,,0.00E+00,0.00E+00,0.00E+00,0.00E+00,2.84E+07,8.43E+04,3.39E+06,0.00E+00,3.22E+06,1.94E+06,1.66E+07,0.00E+00,0.00E+00,0.00E+00,0.00E+00,,0,0,0,0,43.85,43.69,43.83,0,44.14,43.88,43.81,0,0,0,0
H2AZ_1_19 K15ac,0,0,0,0,0.139279,0.298138,0.067762,0,0.80366,0.123184,0.328113,0,0,0,0,,0.00E+00,0.00E+00,0.00E+00,0.00E+00,6.37E+06,8.35E+06,6.48E+05,0.00E+00,1.84E+07,4.83E+05,1.21E+07,0.00E+00,0.00E+00,0.00E+00,0.00E+00,,0,0,0,0,43.81,43.69,43.83,0,44.18,43.52,43.54,0,0,0,0
H2AZ_1_19 K4acK7ac,0,0,0,0,0,0,0,0,0,0,0,0,0,0,0,,0.00E+00,0.00E+00,0.00E+00,0.00E+00,0.00E+00,0.00E+00,0.00E+00,0.00E+00,0.00E+00,0.00E+00,0.00E+00,0.00E+00,0.00E+00,0.00E+00,0.00E+00,,0,0,0,0,0,0,43.04,0,0,0,0,0,0,0,0
H2AZ_1_19 K4acK11ac,0,0,0,0,0,0,0,0,0,0,0,0,0,0,0,,0.00E+00,0.00E+00,0.00E+00,0.00E+00,0.00E+00,0.00E+00,0.00E+00,0.00E+00,0.00E+00,0.00E+00,0.00E+00,0.00E+00,0.00E+00,0.00E+00,0.00E+00,,0,0,0,0,0,0,43.04,0,0,0,0,0,0,0,0
H2AZ_1_19 K4acK15ac,0,0,0,0,0,0,0.38483,0,0,0,0,0,0,0,0,,0.00E+00,0.00E+00,0.00E+00,0.00E+00,0.00E+00,0.00E+00,3.68E+06,0.00E+00,0.00E+00,0.00E+00,0.00E+00,0.00E+00,0.00E+00,0.00E+00,0.00E+00,,0,0,0,0,0,0,43.52,0,0,0,0,0,0,0,0
H2AZ_1_19 K7acK11ac,0,0,0,0,0,0,0,0,0,0,0,0,0,0,0,,0.00E+00,0.00E+00,0.00E+00,0.00E+00,0.00E+00,0.00E+00,0.00E+00,0.00E+00,0.00E+00,0.00E+00,0.00E+00,0.00E+00,0.00E+00,0.00E+00,0.00E+00,,0,0,0,0,0,0,43.04,0,0,0,0,0,0,0,0
H2AZ_1_19 K7acK15ac,0,0,0,0,0,0,0.001924,0,0,0,0,0,0,0,0,,0.00E+00,0.00E+00,0.00E+00,0.00E+00,0.00E+00,0.00E+00,1.84E+04,0.00E+00,0.00E+00,0.00E+00,0.00E+00,0.00E+00,0.00E+00,0.00E+00,0.00E+00,,0,0,0,0,0,0,43.52,0,0,0,0,0,0,0,0
H2AZ_1_19 K11acK15ac,0,0,0,0,0,0,0.190491,0,0,0,0,0,0,0,0,,0.00E+00,0.00E+00,0.00E+00,0.00E+00,0.00E+00,0.00E+00,1.82E+06,0.00E+00,0.00E+00,0.00E+00,0.00E+00,0.00E+00,0.00E+00,0.00E+00,0.00E+00,,0,0,0,0,0,0,43.52,0,0,0,0,0,0,0,0
H2AZ_1_19 K7acK11acK15ac,0,0,0,0,0,0,0,0,0,0,0,0,0,0,0,,0.00E+00,0.00E+00,0.00E+00,0.00E+00,0.00E+00,0.00E+00,0.00E+00,0.00E+00,0.00E+00,0.00E+00,0.00E+00,0.00E+00,0.00E+00,0.00E+00,0.00E+00,,0,0,0,0,0,0,0,0,0,0,0,0,0,0,0
H2AZ_1_19 K4acK11acK15ac,0,0,0,0,0,0,0,0,0,0,0,0,0,0,0,,0.00E+00,0.00E+00,0.00E+00,0.00E+00,0.00E+00,0.00E+00,0.00E+00,0.00E+00,0.00E+00,0.00E+00,0.00E+00,0.00E+00,0.00E+00,0.00E+00,0.00E+00,,0,0,0,0,0,0,0,0,0,0,0,0,0,0,0
H2AZ_1_19 K4acK7acK15ac,0,0,0,0,0,0,0,0,0,0,0,0,0,0,0,,0.00E+00,0.00E+00,0.00E+00,0.00E+00,0.00E+00,0.00E+00,0.00E+00,0.00E+00,0.00E+00,0.00E+00,0.00E+00,0.00E+00,0.00E+00,0.00E+00,0.00E+00,,0,0,0,0,0,0,0,0,0,0,0,0,0,0,0
H2AZ_1_19 K4acK7acK11ac,0,0,0,0,0,0,0,0,0,0,0,0,0,0,0,,0.00E+00,0.00E+00,0.00E+00,0.00E+00,0.00E+00,0.00E+00,0.00E+00,0.00E+00,0.00E+00,0.00E+00,0.00E+00,0.00E+00,0.00E+00,0.00E+00,0.00E+00,,0,0,0,0,0,0,0,0,0,0,0,0,0,0,0
H2AZ_1_19 K4acK7acK11acK15ac,0,0,0,0,0,0,0,0,0,0,0,0,0,0,0,,0.00E+00,0.00E+00,0.00E+00,0.00E+00,0.00E+00,0.00E+00,0.00E+00,0.00E+00,0.00E+00,0.00E+00,0.00E+00,0.00E+00,0.00E+00,0.00E+00,0.00E+00,,0,0,0,0,0,0,0,0,0,0,0,0,0,0,0
AKAKTR(H2A1_12_17),,,,,,,,,,,,,,,,,,,,,,,,,,,,,,,,,,,,,,,,,,,,,,,
H2A1_12_17 unmod,1,0.999912,1,1,0.999932,0.999926,1,0.999824,0.999885,1,0.999982,0.999945,1,0.962083,0.999988,,6.84E+10,6.99E+10,6.39E+10,5.79E+10,9.10E+10,6.16E+10,8.00E+10,6.10E+10,7.85E+10,8.13E+10,8.25E+10,5.25E+10,5.88E+10,7.56E+10,6.09E+10,,28.78,29.14,28.83,28.7,28.37,28.07,27.88,27.64,27.6,28.05,27.77,27.88,28.79,28.35,27.87
H2A1_12_17 K13ac,0,0,0,0,0,0,0,0,0,0,0,0,0,0,0,,0.00E+00,0.00E+00,0.00E+00,0.00E+00,0.00E+00,0.00E+00,0.00E+00,0.00E+00,0.00E+00,0.00E+00,0.00E+00,0.00E+00,0.00E+00,0.00E+00,0.00E+00,,0,0,0,0,0,0,0,0,0,0,0,0,0,0,0
H2A1_12_17 K15ac,0,0,0,0,0,0,0,0,0,0,0,0,0,0,0,,0.00E+00,0.00E+00,0.00E+00,0.00E+00,0.00E+00,0.00E+00,0.00E+00,0.00E+00,0.00E+00,0.00E+00,0.00E+00,0.00E+00,0.00E+00,0.00E+00,0.00E+00,,0,0,0,0,0,0,0,0,0,0,0,0,0,0,0
H2A1_12_17 K15me1,0,0.000002,0,0,0.000002,0,0,0,0.000003,0,0,0,0,0.001394,0,,0.00E+00,1.10E+05,0.00E+00,0.00E+00,1.50E+05,0.00E+00,0.00E+00,0.00E+00,2.51E+05,0.00E+00,2.43E+04,0.00E+00,0.00E+00,1.10E+08,0.00E+00,,0,40.32,0,0,39.53,39.3,0,39.61,39.32,0,39.28,39.78,0,33.5,39.19
H2A1_12_17 K13me1,0,0.000086,0,0,0.000067,0.000074,0,0.000176,0.000112,0,0.000018,0.000055,0,0.036522,0.000012,,0.00E+00,6.03E+06,0.00E+00,0.00E+00,6.07E+06,4.54E+06,0.00E+00,1.07E+07,8.75E+06,0.00E+00,1.46E+06,2.89E+06,0.00E+00,2.87E+09,7.38E+05,,0,40.32,0,0,39.49,39.34,0,39.61,39.28,0,39.24,39.78,0,33.5,39.19
H2A1_12_17 T16ac,0,0,0,0,0,0,0,0,0,0,0,0,0,0,0,,0.00E+00,0.00E+00,0.00E+00,0.00E+00,0.00E+00,0.00E+00,0.00E+00,0.00E+00,0.00E+00,0.00E+00,0.00E+00,0.00E+00,0.00E+00,0.00E+00,0.00E+00,,0,0,0,0,0,0,0,0,0,0,0,0,0,0,0
AKAKSR(H2A3_12_17),,,,,,,,,,,,,,,,,,,,,,,,,,,,,,,,,,,,,,,,,,,,,,,
H2A3_12_17 unmod,0.407046,0.507865,0.554147,0.391255,0.364225,0.401776,0.410523,0.563929,0.527116,0.416393,0.363057,0.528727,0.396019,0.367304,0.555196,,4.70E+10,7.22E+10,7.94E+10,3.72E+10,5.21E+10,4.13E+10,5.57E+10,7.89E+10,8.75E+10,5.80E+10,4.70E+10,5.89E+10,3.86E+10,4.39E+10,7.61E+10,,28.05,28.4,28.05,27.88,27.59,27.32,27.1,26.82,26.78,27.31,26.99,27.09,28.05,27.61,27.13
H2A3_12_17 K13ac,0,0.000032,0.000056,0,0,0.000026,0.000012,0,0.000045,0,0,0.00004,0,0,0.000038,,0.00E+00,4.56E+06,8.01E+06,0.00E+00,0.00E+00,2.64E+06,1.62E+06,0.00E+00,7.42E+06,0.00E+00,0.00E+00,4.44E+06,0.00E+00,0.00E+00,5.15E+06,,0,28.4,28.2,0,0,27.32,27.1,0,26.74,0,0,27.17,0,0,27.09
H2A3_12_17 K15ac,0,0.000001,0.000002,0,0,0.000001,0.000001,0,0.000002,0,0,0.000002,0,0,0.000007,,0.00E+00,1.99E+05,3.42E+05,0.00E+00,0.00E+00,1.11E+05,7.12E+04,0.00E+00,3.20E+05,0.00E+00,0.00E+00,1.87E+05,0.00E+00,0.00E+00,9.60E+05,,0,28.44,28.2,0,0,27.32,27.14,0,26.74,0,0,27.17,0,0,26.54
H2A3_12_17 K15me1,0.590779,0.489123,0.443215,0.605542,0.633623,0.595995,0.587444,0.433558,0.470035,0.581503,0.635211,0.467619,0.601707,0.629715,0.441484,,6.82E+10,6.95E+10,6.35E+10,5.76E+10,9.07E+10,6.13E+10,7.97E+10,6.07E+10,7.80E+10,8.10E+10,8.23E+10,5.21E+10,5.86E+10,7.52E+10,6.05E+10,,28.78,29.14,28.83,28.66,28.34,28.07,27.88,27.64,27.6,28.05,27.77,27.88,28.79,28.35,27.87
H2A3_12_17 K13me1,0.002175,0.002979,0.00258,0.003203,0.002153,0.002202,0.00202,0.002514,0.002803,0.002104,0.001732,0.003613,0.002274,0.002981,0.003275,,2.51E+08,4.23E+08,3.70E+08,3.05E+08,3.08E+08,2.27E+08,2.74E+08,3.52E+08,4.65E+08,2.93E+08,2.24E+08,4.03E+08,2.21E+08,3.56E+08,4.49E+08,,28.63,28.99,28.67,28.74,28.37,27.91,27.72,27.68,27.44,27.89,27.58,27.88,28.6,28.39,27.87
H2A3_12_17 S16ac,0,0,0,0,0,0,0,0,0,0,0,0,0,0,0,,0.00E+00,0.00E+00,0.00E+00,0.00E+00,0.00E+00,0.00E+00,0.00E+00,0.00E+00,0.00E+00,0.00E+00,0.00E+00,0.00E+00,0.00E+00,0.00E+00,0.00E+00,,0,0,0,0,0,0,0,0,0,0,0,0,0,0,0
DNKKTR(H2A1_72_77),,,,,,,,,,,,,,,,,,,,,,,,,,,,,,,,,,,,,,,,,,,,,,,
H2A1_72_77 unmod,0.996874,0.998018,0.997604,0.997369,0.998787,0.99708,0.997606,0.998812,0.999109,0.997645,0.998461,0.998719,0.997072,0.998944,0.998165,,6.41E+10,7.46E+10,7.92E+10,4.79E+10,6.52E+10,5.23E+10,7.30E+10,7.77E+10,8.71E+10,7.48E+10,6.59E+10,5.80E+10,4.56E+10,6.67E+10,7.41E+10,,25.45,25.88,25.44,25.15,24.73,24.8,24.34,24.05,24.09,24.7,24.3,24.47,25.31,25.03,24.47
H2A1_72_77 K74ac,0.003126,0.001982,0.002396,0.002631,0.001213,0.00292,0.002394,0.001188,0.000891,0.002355,0.001539,0.001281,0.002928,0.001056,0.001835,,2.01E+08,1.48E+08,1.90E+08,1.26E+08,7.92E+07,1.53E+08,1.75E+08,9.24E+07,7.77E+07,1.76E+08,1.02E+08,7.44E+07,1.34E+08,7.05E+07,1.36E+08,,25.29,25.68,25.28,25.15,24.57,24.68,24.1,23.85,23.85,24.47,24.1,24.31,25.15,24.84,24.28
unmod(H2A_1_88),,,,,,,,,,,,,,,,,,,,,,,,,,,,,,,,,,,,,,,,,,,,,,,
H2A_1_88 H2A14s.HLQLAIR,0.960138,0.938536,0.938238,0.941514,0.954118,0.917951,0.961508,0.903278,0.942588,0.958432,0.951839,0.944023,0.928466,0.930127,0.921624,,6.81E+10,7.21E+10,8.58E+10,4.96E+10,6.60E+10,3.49E+10,8.11E+10,4.97E+10,8.82E+10,7.05E+10,6.20E+10,6.04E+10,4.13E+10,3.77E+10,5.77E+10,,40.8,40.94,40.67,40.52,40.07,40.09,39.96,40.11,39.87,39.98,39.9,40.53,40.47,40.4,39.73
H2A_1_88 H2AZ.AGGKAGKDSGKAKTKAVSR,0.000078,0.000076,0.000058,0.000133,0.000158,0.000515,0,0,0.000014,0.00002,0.000126,0.000022,0.000823,0.000199,0.000042,,5.53E+06,5.82E+06,5.34E+06,6.99E+06,1.10E+07,1.96E+07,0.00E+00,0.00E+00,1.28E+06,1.49E+06,8.19E+06,1.38E+06,3.66E+07,8.07E+06,2.64E+06,,39.59,45.79,45.51,44.94,44.05,43.89,43.89,45.34,44.3,44.15,44.05,39.16,39.1,39.02,44.75
H2A_1_88 H2AY.SAKAGVIFPVGR,0.010151,0.013378,0.00808,0.005572,0.007213,0.005629,0.008557,0.012762,0.009808,0.008349,0.006829,0.012045,0.006554,0.005015,0.00965,,7.20E+08,1.03E+09,7.39E+08,2.93E+08,4.99E+08,2.14E+08,7.22E+08,7.03E+08,9.18E+08,6.14E+08,4.45E+08,7.71E+08,2.91E+08,2.03E+08,6.04E+08,,47.82,48.07,47.74,47.58,47.2,47.28,47.05,47.34,47.38,47.18,47.21,47.5,47.48,47.36,47.03
H2A_1_88 H2AX.GKTGGKAR,0.029633,0.04801,0.053624,0.052781,0.038511,0.075905,0.029935,0.08396,0.04759,0.033198,0.041206,0.04391,0.064156,0.064659,0.068684,,2.10E+09,3.69E+09,4.90E+09,2.78E+09,2.66E+09,2.88E+09,2.53E+09,4.62E+09,4.46E+09,2.44E+09,2.68E+09,2.81E+09,2.85E+09,2.62E+09,4.30E+09,,24.93,25.32,24.92,24.6,24.17,24.24,23.7,23.49,23.49,24.11,23.7,23.87,24.71,24.44,23.96
LAHYNKR(H2B1B_80_86),,,,,,,,,,,,,,,,,,,,,,,,,,,,,,,,,,,,,,,,,,,,,,,
H2B1B_80_86 unmod,0.997636,0.998354,0.997588,0.998823,0.997342,0.998144,0.997698,0.9979,0.999321,0.997481,0.998954,0.998749,0.999102,0.998686,0.998298,,8.03E+10,8.26E+10,7.27E+10,6.26E+10,6.08E+10,6.06E+10,5.76E+10,8.07E+10,1.29E+11,7.25E+10,5.17E+10,7.03E+10,6.91E+10,5.43E+10,6.60E+10,,33.43,33.83,33.51,33.41,33.18,32.72,32.86,32.85,32.47,32.92,32.75,32.96,33.47,33.18,32.44
H2B1B_80_86 Y83ac,0.002364,0.001646,0.002412,0.001177,0.002658,0.001856,0.002302,0.0021,0.000679,0.002519,0.001046,0.001251,0.000898,0.001314,0.001702,,1.90E+08,1.36E+08,1.76E+08,7.37E+07,1.62E+08,1.13E+08,1.33E+08,1.70E+08,8.75E+07,1.83E+08,5.41E+07,8.81E+07,6.21E+07,7.15E+07,1.13E+08,,34.56,35,37.39,34.46,37.03,35.78,33.91,36.86,35.74,34.01,33.81,36.16,37.29,36.34,33.65
LAHYSKR(H2B1A_81_87),,,,,,,,,,,,,,,,,,,,,,,,,,,,,,,,,,,,,,,,,,,,,,,
H2B1A_81_87 unmod,1,1,1,0.45005,1,1,1,1,1,1,0.338602,0.606541,0.458488,1,1,,2.54E+08,3.41E+07,4.45E+07,6.76E+07,9.93E+06,6.04E+07,1.60E+08,3.70E+07,3.82E+07,2.71E+08,3.04E+07,3.21E+07,6.93E+07,1.20E+07,7.13E+07,,34.32,34.1,33.74,31.46,33.41,33.58,33.72,33.09,32.78,33.85,30.68,30.88,31.6,33.46,32.75
H2B1A_81_87 K86ac,0,0,0,0.54995,0,0,0,0,0,0,0.661398,0.393459,0.541512,0,0,,0.00E+00,0.00E+00,0.00E+00,8.26E+07,0.00E+00,0.00E+00,0.00E+00,0.00E+00,0.00E+00,0.00E+00,5.93E+07,2.08E+07,8.18E+07,0.00E+00,0.00E+00,,0,0,0,30.91,0,0,0,0,0,0,30.17,30.4,31.13,0,0
unmod(H2B_1_29),,,,,,,,,,,,,,,,,,,,,,,,,,,,,,,,,,,,,,,,,,,,,,,
H2B_1_29 1C.PEPAKSAPAPKKGSKKAVTKAQKKDGKKR,0,0,0,0,0,0,0,0,0,0,0,0,0,0,0,,0.00E+00,0.00E+00,0.00E+00,0.00E+00,0.00E+00,0.00E+00,0.00E+00,0.00E+00,0.00E+00,0.00E+00,0.00E+00,0.00E+00,0.00E+00,0.00E+00,0.00E+00,,0,0,0,0,0,0,0,0,0,0,0,0,0,0,0
H2B_1_29 1H.PDPAKSAPAPKKGSKKAVTKAQKKDGKKR,0,0,0,0,0,0,0,0,0,0,0,0,0,0,0,,0.00E+00,0.00E+00,0.00E+00,0.00E+00,0.00E+00,0.00E+00,0.00E+00,0.00E+00,0.00E+00,0.00E+00,0.00E+00,0.00E+00,0.00E+00,0.00E+00,0.00E+00,,0,0,0,0,0,0,0,0,0,0,0,0,0,0,0
H2B_1_29 2F.PDPAKSAPAPKKGSKKAVTKVQKKDGKKR,0,0,0,0,0,0,0,0,0,0,0,0,0,0,0,,0.00E+00,0.00E+00,0.00E+00,0.00E+00,0.00E+00,0.00E+00,0.00E+00,0.00E+00,0.00E+00,0.00E+00,0.00E+00,0.00E+00,0.00E+00,0.00E+00,0.00E+00,,0,0,0,0,0,0,0,0,0,0,0,0,0,0,0
H2B_1_29 1B.PEPSKSAPAPKKGSKKAITKAQKKDGKKR,0,0,0,0,0,0,0,0,0,0,0,0,0,0,0,,0.00E+00,0.00E+00,0.00E+00,0.00E+00,0.00E+00,0.00E+00,0.00E+00,0.00E+00,0.00E+00,0.00E+00,0.00E+00,0.00E+00,0.00E+00,0.00E+00,0.00E+00,,0,0,0,0,0,0,0,0,0,0,0,0,0,0,0
H2B_1_29 1N.PEPSKSAPAPKKGSKKAVTKAQKKDGKKR,0,0,0,0,0,0,0,0,0,0,0,0,0,0,0,,0.00E+00,0.00E+00,0.00E+00,0.00E+00,0.00E+00,0.00E+00,0.00E+00,0.00E+00,0.00E+00,0.00E+00,0.00E+00,0.00E+00,0.00E+00,0.00E+00,0.00E+00,,0,0,0,0,0,0,0,0,0,0,0,0,0,0,0
H2B_1_29 1D.PEPTKSAPAPKKGSKKAVTKAQKKDGKKR,0,0,0,0,0,0,0,0,0,0,0,0,0,0,0,,0.00E+00,0.00E+00,0.00E+00,0.00E+00,0.00E+00,0.00E+00,0.00E+00,0.00E+00,0.00E+00,0.00E+00,0.00E+00,0.00E+00,0.00E+00,0.00E+00,0.00E+00,,0,0,0,0,0,0,0,0,0,0,0,0,0,0,0
H2B_1_29 1M.PEPVKSAPVPKKGSKKAINKAQKKDGKKR,0,0,0,0,0,0,0,0,0,0,0,0,0,0,0,,0.00E+00,0.00E+00,0.00E+00,0.00E+00,0.00E+00,0.00E+00,0.00E+00,0.00E+00,0.00E+00,0.00E+00,0.00E+00,0.00E+00,0.00E+00,0.00E+00,0.00E+00,,0,0,0,0,0,0,0,0,0,0,0,0,0,0,0
H2B_1_29 1L.PELAKSAPAPKKGSKKAVTKAQKKDGKKR,0,0,0,0,0,0,0,0,0,0,0,0,0,0,0,,0.00E+00,0.00E+00,0.00E+00,0.00E+00,0.00E+00,0.00E+00,0.00E+00,0.00E+00,0.00E+00,0.00E+00,0.00E+00,0.00E+00,0.00E+00,0.00E+00,0.00E+00,,0,0,0,0,0,0,0,0,0,0,0,0,0,0,0
